kepid,mass,mass_errp,mass_errm,radius,radius_errp,radius_errm,density,density_errp,density_errm,logg,logg_errp,logg_errm,age,age_errp,age_errm,ref
10666592,1.497,0.042,0.04,1.986,0.018000000000000002,0.015,0.269,0.004,0.005,4.017,0.006999999999999999,0.009000000000000001,2.11,0.29,0.24,Silva-Aguirre et al. (2014)
8554498,1.197,0.021,0.029,1.794,0.015,0.015,0.292,0.003,0.003,4.007,0.003,0.003,5.6,0.45,0.42,Silva-Aguirre et al. (2014)
11853905,1.117,0.021,0.029,1.555,0.012,0.012,0.419,0.004,0.006,4.102,0.005,0.004,6.71,0.77,0.67,Silva-Aguirre et al. (2014)
6521045,1.108,0.021,0.019,1.513,0.009000000000000001,0.012,0.454,0.004,0.006,4.125,0.004,0.004,6.5,0.46,0.56,Silva-Aguirre et al. (2014)
8866102,1.228,0.042,0.04,1.357,0.012,0.015,0.695,0.01,0.011,4.262,0.006999999999999999,0.008,2.6,0.56,0.53,Silva-Aguirre et al. (2014)
3544595,0.899,0.009000000000000001,0.009000000000000001,0.916,0.006,0.006,1.653,0.016,0.018000000000000002,4.468,0.003,0.003,6.63,0.62,0.57,Silva-Aguirre et al. (2014)
11904151,0.918,0.011,0.019,1.0659999999999998,0.006,0.009000000000000001,1.068,0.006999999999999999,0.012,4.3439999999999985,0.003,0.003,10.23,0.83,0.67,Silva-Aguirre et al. (2014)
5866724,1.199,0.029,0.03,1.399,0.012,0.012,0.616,0.006999999999999999,0.008,4.224,0.005,0.006999999999999999,3.89,0.59,0.48,Silva-Aguirre et al. (2014)
4914423,1.099,0.019,0.03,1.45,0.009000000000000001,0.009000000000000001,0.507,0.005,0.005,4.155,0.004,0.004,6.67,0.69,0.62,Silva-Aguirre et al. (2014)
8349582,1.068,0.021,0.019,1.4169999999999998,0.012,0.009000000000000001,0.528,0.006,0.005,4.163,0.003,0.004,8.03,0.8,0.7,Silva-Aguirre et al. (2014)
5094751,1.068,0.04,0.04,1.339,0.015,0.018000000000000002,0.628,0.008,0.006999999999999999,4.213,0.008,0.006999999999999999,6.35,1.05,1.05,Silva-Aguirre et al. (2014)
4349452,1.159,0.04,0.051,1.297,0.015,0.015,0.745,0.009000000000000001,0.01,4.275,0.006999999999999999,0.008,3.45,0.81,0.72,Silva-Aguirre et al. (2014)
8478994,0.81,0.019,0.011,0.772,0.003,0.006,2.486,0.022,0.025,4.57,0.003,0.002,5.35,0.91,1.01,Silva-Aguirre et al. (2014)
11295426,1.068,0.011,0.019,1.237,0.006,0.006,0.795,0.005,0.011,4.28,0.003,0.003,6.31,0.32,0.34,Silva-Aguirre et al. (2014)
8292840,1.148,0.051,0.049,1.345,0.015,0.018000000000000002,0.6659999999999999,0.01,0.01,4.24,0.008,0.008,3.85,0.81,0.75,Silva-Aguirre et al. (2014)
11807274,1.239,0.04,0.04,1.582,0.015,0.021,0.444,0.006999999999999999,0.006999999999999999,4.135,0.006999999999999999,0.009000000000000001,3.59,0.78,0.45,Silva-Aguirre et al. (2014)
10514430,1.0590000000000002,0.04,0.021,1.59,0.015,0.018000000000000002,0.374,0.004,0.004,4.061,0.004,0.004,7.84,0.4,0.91,Silva-Aguirre et al. (2014)
3425851,1.178,0.049,0.049,1.36,0.015,0.018000000000000002,0.662,0.009000000000000001,0.008,4.243,0.008,0.008,3.32,0.85,0.64,Silva-Aguirre et al. (2014)
7670943,1.239,0.04,0.051,1.4169999999999998,0.015,0.021,0.616,0.009000000000000001,0.01,4.228,0.008,0.008,2.78,0.62,0.51,Silva-Aguirre et al. (2014)
8077137,1.117,0.04,0.049,1.632,0.018000000000000002,0.009000000000000001,0.361,0.006,0.01,4.056,0.013,0.01,6.23,0.56,1.23,Silva-Aguirre et al. (2014)
10586004,1.178,0.021,0.03,1.653,0.009000000000000001,0.012,0.3670000000000001,0.004,0.005,4.0710000000000015,0.005,0.005,6.43,0.64,0.61,Silva-Aguirre et al. (2014)
11133306,1.0590000000000002,0.04,0.03,1.189,0.012,0.012,0.8909999999999999,0.008,0.009000000000000001,4.314,0.004,0.006999999999999999,5.14,0.86,0.88,Silva-Aguirre et al. (2014)
11401755,1.0590000000000002,0.03,0.021,1.632,0.015,0.021,0.34600000000000003,0.003,0.006,4.039,0.004,0.004,7.1,0.61,0.59,Silva-Aguirre et al. (2014)
4141376,1.019,0.021,0.03,1.039,0.009000000000000001,0.009000000000000001,1.278,0.011,0.013,4.412,0.003,0.004,3.27,0.59,0.64,Silva-Aguirre et al. (2014)
4143755,0.918,0.021,0.03,1.414,0.012,0.013,0.456,0.006,0.006,4.102,0.001,0.002,11.27,1.5,1.35,Silva-Aguirre et al. (2014)
6196457,1.209,0.019,0.03,1.716,0.012,0.012,0.335,0.004,0.004,4.049,0.004,0.005,5.52,0.51,0.48,Silva-Aguirre et al. (2014)
9592705,1.509,0.029,0.021,2.124,0.015,0.012,0.221,0.003,0.003,3.961,0.004,0.003,2.33,0.18,0.16,Silva-Aguirre et al. (2014)
8494142,1.418,0.03,0.019,1.887,0.012,0.012,0.298,0.005,0.004,4.038,0.005,0.005,2.62,0.26,0.24,Silva-Aguirre et al. (2014)
9414417,1.3869999999999998,0.021,0.009000000000000001,1.914,0.015,0.015,0.28,0.004,0.005,4.017,0.004,0.004,2.65,0.14,0.16,Silva-Aguirre et al. (2014)
3632418,1.408,0.021,0.03,1.902,0.018000000000000002,0.012,0.287,0.004,0.005,4.026,0.004,0.004,2.6,0.16,0.16,Silva-Aguirre et al. (2014)
10963065,1.089,0.019,0.03,1.228,0.012,0.009000000000000001,0.823,0.01,0.009000000000000001,4.293,0.004,0.003,4.18,0.53,0.35,Silva-Aguirre et al. (2014)
9955598,0.89,0.009000000000000001,0.011,0.883,0.003,0.006,1.821,0.018000000000000002,0.018000000000000002,4.495,0.002,0.002,6.98,0.4,0.5,Silva-Aguirre et al. (2014)
6278762,0.7390000000000001,0.009000000000000001,0.011,0.748,0.006,0.003,2.498,0.018000000000000002,0.025,4.56,0.003,0.002,11.54,0.99,0.94,Silva-Aguirre et al. (2014)
3427720,1.13,0.04,0.04,1.125,0.014,0.014,0.18946642772684566,0.00978447607683139,0.00978447607683139,4.224850810832162,0.018670197419120103,0.018670197419120103,2.23,0.17,0.17,Metcalfe et al. (2014)
6116048,1.01,0.03,0.03,1.219,0.009000000000000001,0.009000000000000001,0.1331133605345238,0.004958169393952091,0.004958169393952091,4.343310246874942,0.014373240991624282,0.014373240991624282,6.23,0.37,0.37,Metcalfe et al. (2014)
6603624,1.09,0.03,0.03,1.181,0.015,0.015,0.15797493880315303,0.00744819791475076,0.00744819791475076,4.282697506707225,0.016282278714781932,0.016282278714781932,8.11,0.46,0.46,Metcalfe et al. (2014)
6933899,1.14,0.03,0.03,1.599,0.018000000000000002,0.018000000000000002,0.06656881878702736,0.00285577580276371,0.00285577580276371,4.526416285576817,0.015033802071449678,0.015033802071449678,6.87,0.34,0.34,Metcalfe et al. (2014)
7871531,0.84,0.02,0.02,0.8740000000000001,0.008,0.008,0.3003698784875146,0.01095250198740597,0.01095250198740597,4.134367788627745,0.012980934896429016,0.012980934896429016,9.15,0.47,0.47,Metcalfe et al. (2014)
8006161,1.04,0.02,0.02,0.947,0.006999999999999999,0.006999999999999999,0.29234440932768113,0.008680195314567455,0.008680195314567455,4.1112908281285865,0.01056840721315962,0.01056840721315962,5.04,0.17,0.17,Metcalfe et al. (2014)
8394589,0.94,0.04,0.04,1.116,0.019,0.019,0.16145320124316093,0.010759311427145264,0.010759311427145264,4.297824745024241,0.02360799953592349,0.02360799953592349,2.92,0.18,0.18,Metcalfe et al. (2014)
8694723,0.96,0.03,0.03,1.436,0.024,0.024,0.0773961404435995,0.004646085273911564,0.004646085273911564,4.507661856193813,0.0196825561264665,0.0196825561264665,4.9,0.54,0.54,Metcalfe et al. (2014)
8760414,0.78,0.01,0.01,1.01,0.004,0.004,0.1807348371180049,0.0031610263489829154,0.0031610263489829154,4.292172354295625,0.006537096606246295,0.006537096606246295,3.69,0.74,0.74,Metcalfe et al. (2014)
9098294,1.0,0.03,0.03,1.154,0.009000000000000001,0.009000000000000001,0.15534381417691048,0.0059043836736055785,0.0059043836736055785,4.3000358270602455,0.014645292360828113,0.014645292360828113,7.28,0.51,0.51,Metcalfe et al. (2014)
9139151,1.14,0.03,0.03,1.146,0.011,0.011,0.18082663023050205,0.007017619721823093,0.007017619721823093,4.23708859334709,0.014086014011988054,0.014086014011988054,1.71,0.19,0.19,Metcalfe et al. (2014)
10454113,1.19,0.04,0.04,1.25,0.015,0.015,0.14545488559054498,0.0071872647400285814,0.0071872647400285814,4.293897274044402,0.01797566678919163,0.01797566678919163,2.03,0.29,0.29,Metcalfe et al. (2014)
10644253,1.13,0.05,0.05,1.108,0.016,0.016,0.19832184452399548,0.012268938348650085,0.012268938348650085,4.211625286722222,0.023181263729360916,0.023181263729360916,1.07,0.25,0.25,Metcalfe et al. (2014)
11244118,1.1,0.05,0.05,1.589,0.026,0.026,0.06545342610039546,0.004395911298019057,0.004395911298019057,4.536479318677353,0.024050851810597587,0.024050851810597587,6.43,0.58,0.58,Metcalfe et al. (2014)
12009504,1.12,0.03,0.03,1.375,0.015,0.015,0.10285403144246784,0.004423334491834508,0.004423334491834508,4.403011583083201,0.0150994507551168,0.0150994507551168,3.64,0.26,0.26,Metcalfe et al. (2014)
12258514,1.19,0.03,0.03,1.5730000000000002,0.01,0.01,0.07299148245016061,0.0023044599177168518,0.0023044599177168518,4.493534693274864,0.012234420663337216,0.012234420663337216,4.03,0.32,0.32,Metcalfe et al. (2014)
1435467,1.27,0.05,0.05,1.641,0.027000000000000003,0.027000000000000003,0.06861030793093319,0.004284928589120511,0.004284928589120511,4.502037650571049,0.022406070955014054,0.022406070955014054,1.87,0.14,0.14,Metcalfe et al. (2014)
2837475,1.39,0.06,0.06,1.592,0.027000000000000003,0.027000000000000003,0.08224263203875197,0.005552398075982401,0.005552398075982401,4.4364955359700255,0.023680295826507856,0.023680295826507856,0.83,0.12,0.12,Metcalfe et al. (2014)
3733735,1.32,0.04,0.04,1.367,0.023,0.023,0.1233615388316936,0.007222718010389275,0.007222718010389275,4.326587307350613,0.019557599496470318,0.019557599496470318,0.12,0.06,0.06,Metcalfe et al. (2014)
6508366,1.36,0.04,0.04,2.081,0.021,0.021,0.036027494324373834,0.0015269118903719322,0.0015269118903719322,4.678629461473856,0.015474248910397509,0.015474248910397509,2.25,0.15,0.15,Metcalfe et al. (2014)
6679371,1.56,0.03,0.03,2.186,0.015,0.015,0.035652132854248605,0.0009967858969612288,0.0009967858969612288,4.6617999262937255,0.010207501370162587,0.010207501370162587,1.81,0.12,0.12,Metcalfe et al. (2014)
7103006,1.43,0.05,0.05,1.898,0.026,0.026,0.04992968244007074,0.0026826362558771857,0.0026826362558771857,4.576880588138305,0.019325878544196068,0.019325878544196068,1.49,0.14,0.14,Metcalfe et al. (2014)
7206837,1.46,0.05,0.05,1.555,0.016,0.016,0.092698576781874,0.004237981293115804,0.004237981293115804,4.394732140362096,0.017473870582459222,0.017473870582459222,0.22,0.04,0.04,Metcalfe et al. (2014)
8228742,1.27,0.02,0.02,1.809,0.014,0.014,0.05121526345184031,0.0014573696535446065,0.0014573696535446065,4.5866976221844915,0.009536815640871329,0.009536815640871329,3.84,0.29,0.29,Metcalfe et al. (2014)
9139163,1.36,0.03,0.03,1.5319999999999998,0.021,0.021,0.09029714169362388,0.00424920119658275,0.00424920119658275,4.412602831643771,0.01522392247665506,0.01522392247665506,1.07,0.16,0.16,Metcalfe et al. (2014)
9206432,1.4,0.03,0.03,1.479,0.014,0.014,0.10330822610554573,0.003678251228472389,0.003678251228472389,4.369432521736367,0.012484228729147477,0.012484228729147477,0.19,0.07,0.07,Metcalfe et al. (2014)
9812850,1.39,0.05,0.05,1.745,0.024,0.024,0.062451071919034776,0.003444877938160056,0.003444877938160056,4.516200271757122,0.01978215366622621,0.01978215366622621,1.68,0.13,0.13,Metcalfe et al. (2014)
10162436,1.23,0.02,0.02,1.903,0.02,0.02,0.04260888182649462,0.001523607381894614,0.001523607381894614,4.644596674555463,0.0114223424618745,0.0114223424618745,2.86,0.33,0.33,Metcalfe et al. (2014)
10355856,1.32,0.03,0.03,1.6669999999999998,0.015,0.015,0.06802656196063381,0.002409455293006945,0.002409455293006945,4.49892147787098,0.012619561594455956,0.012619561594455956,1.54,0.13,0.13,Metcalfe et al. (2014)
11081729,1.26,0.03,0.03,1.382,0.021,0.021,0.11396140809597495,0.005844653455978152,0.005844653455978152,4.356269750379616,0.016574680109019076,0.016574680109019076,0.86,0.21,0.21,Metcalfe et al. (2014)
11253226,1.41,0.05,0.05,1.551,0.019,0.019,0.09021839775282127,0.004622763595542543,0.004622763595542543,4.407628692392651,0.018723780213392598,0.018723780213392598,0.56,0.2,0.2,Metcalfe et al. (2014)
3424541,1.64,0.04,0.04,2.526,0.065,0.065,0.024291548481427817,0.001971293403811536,0.001971293403811536,4.765647053811747,0.024548729410019527,0.024548729410019527,2.28,0.13,0.13,Metcalfe et al. (2014)
5955122,1.12,0.05,0.05,2.042,0.025,0.025,0.03140235363898082,0.0018459983900144712,0.0018459983900144712,4.746517662252421,0.022402703308834468,0.022402703308834468,5.26,0.58,0.58,Metcalfe et al. (2014)
7747078,1.06,0.05,0.05,1.889,0.023,0.023,0.03754234377376305,0.0022461823834059834,0.0022461823834059834,4.702782259999717,0.02318054325565837,0.02318054325565837,6.26,0.92,0.92,Metcalfe et al. (2014)
7976303,1.1,0.05,0.05,1.961,0.041,0.041,0.03482340989813446,0.0027329658443507195,0.0027329658443507195,4.719186711598162,0.026823677453090642,0.026823677453090642,4.78,0.58,0.58,Metcalfe et al. (2014)
8026226,1.5,0.03,0.03,2.753,0.041,0.041,0.017162636943800106,0.0008431826340422527,0.0008431826340422527,4.879145373151799,0.015528733467686887,0.015528733467686887,2.23,0.13,0.13,Metcalfe et al. (2014)
8524425,1.0,0.07,0.07,1.733,0.015,0.015,0.04586862299737325,0.0034126005479436844,0.0034126005479436844,4.653221334848653,0.03135611338892783,0.03135611338892783,7.98,0.46,0.46,Metcalfe et al. (2014)
10018963,1.18,0.03,0.03,1.915,0.02,0.02,0.04011317729824985,0.0016206319794602544,0.0016206319794602544,4.6680797587239775,0.014207805806368726,0.014207805806368726,4.36,0.34,0.34,Metcalfe et al. (2014)
11026764,1.27,0.06,0.06,2.106,0.025,0.025,0.03245936437222023,0.001939332231292355,0.001939332231292355,4.7187372221637975,0.022978131426464096,0.022978131426464096,5.0,0.53,0.53,Metcalfe et al. (2014)
1430163,1.34,0.06,0.06,1.48,0.03,0.03,0.4099,0.0171,0.0174,4.221,0.013000000000000001,0.013999999999999999,1.9,0.6,0.5,Chaplin et al. (2014)
3456181,1.36,0.07,0.12,2.1,0.05,0.06,0.1463,0.0042,0.004,3.924,0.01,0.012,3.9,1.0,0.5,Chaplin et al. (2014)
3656476,1.1,0.05,0.06,1.34,0.03,0.03,0.4588,0.0109,0.0105,4.225,0.008,0.008,7.2,2.2,1.8,Chaplin et al. (2014)
4586099,1.32,0.08,0.11,1.86,0.04,0.05,0.2049,0.0064,0.0062,4.018,0.012,0.013000000000000001,3.9,0.9,0.6,Chaplin et al. (2014)
4638884,1.39,0.05,0.05,1.89,0.03,0.03,0.207,0.0071,0.0072,4.03,0.011000000000000001,0.012,3.3,0.5,0.5,Chaplin et al. (2014)
4914923,1.19,0.05,0.06,1.42,0.02,0.02,0.4205,0.0045,0.0045,4.212,0.006999999999999999,0.006999999999999999,4.9,1.2,1.1,Chaplin et al. (2014)
5021689,1.22,0.08,0.07,1.79,0.04,0.04,0.2114,0.0045,0.0046,4.016,0.011000000000000001,0.01,5.0,0.6,0.6,Chaplin et al. (2014)
5184732,1.17,0.04,0.04,1.33,0.02,0.02,0.4976,0.0119,0.012,4.258,0.006999999999999999,0.006999999999999999,4.8,1.3,1.2,Chaplin et al. (2014)
5371516,1.51,0.08,0.08,2.08,0.04,0.04,0.1689,0.0038,0.0038,3.983,0.009000000000000001,0.01,2.8,0.5,0.5,Chaplin et al. (2014)
5450445,1.39,0.07,0.06,1.99,0.04,0.04,0.1775,0.0041,0.004,3.985,0.009000000000000001,0.009000000000000001,3.9,0.6,0.6,Chaplin et al. (2014)
5512589,1.09,0.05,0.05,1.65,0.03,0.03,0.2429,0.0064,0.0062,4.04,0.009000000000000001,0.009000000000000001,7.9,1.2,1.1,Chaplin et al. (2014)
5596656,1.14,0.13,0.12,3.67,0.17,0.17,0.0229,0.0009,0.0009,3.362,0.01,0.01,5.9,2.0,1.3,Chaplin et al. (2014)
5773345,1.45,0.06,0.07,2.0,0.03,0.03,0.18,0.0034,0.0034,3.9939999999999998,0.008,0.008,3.5,0.6,0.6,Chaplin et al. (2014)
5774694,1.06,0.05,0.06,1.0,0.03,0.03,1.0618,0.0611,0.0614,4.463,0.017,0.019,1.9,1.9,1.6,Chaplin et al. (2014)
5939450,1.53,0.1,0.09,2.88,0.07,0.06,0.0639,0.0018,0.0017,3.701,0.017,0.013000000000000001,3.0,0.6,0.6,Chaplin et al. (2014)
6106415,1.09,0.05,0.05,1.23,0.02,0.02,0.582,0.0058,0.0057,4.293,0.008,0.008,5.1,1.5,1.4,Chaplin et al. (2014)
6225718,1.17,0.04,0.05,1.24,0.01,0.02,0.6093,0.0062,0.0061,4.316,0.006999999999999999,0.006999999999999999,2.6,0.9,0.8,Chaplin et al. (2014)
6442183,1.08,0.05,0.05,1.71,0.03,0.03,0.2168,0.004,0.004,4.006,0.009000000000000001,0.008,7.8,1.2,1.1,Chaplin et al. (2014)
7282890,1.52,0.1,0.13,2.36,0.06,0.07,0.1157,0.0035,0.0035,3.873,0.012,0.013000000000000001,3.0,0.9,0.6,Chaplin et al. (2014)
7529180,1.39,0.04,0.03,1.49,0.03,0.03,0.4226,0.0248,0.0235,4.236000000000001,0.017,0.017,1.3,0.3,0.3,Chaplin et al. (2014)
7668623,1.39,0.15,0.08,2.29,0.07,0.06,0.1174,0.0041,0.0043,3.8680000000000003,0.015,0.015,3.9,0.6,1.0,Chaplin et al. (2014)
7680114,1.12,0.08,0.06,1.43,0.04,0.03,0.3846,0.0106,0.0105,4.178,0.01,0.01,6.5,1.6,1.5,Chaplin et al. (2014)
7799349,1.55,0.08,0.18,2.96,0.07,0.14,0.0596,0.0017,0.0015,3.682,0.006999999999999999,0.01,3.3,1.4,0.5,Chaplin et al. (2014)
7800289,1.48,0.1,0.1,2.86,0.08,0.08,0.0633,0.0024,0.0023,3.694,0.015,0.013999999999999999,3.2,0.6,0.6,Chaplin et al. (2014)
7940546,1.31,0.08,0.07,1.92,0.04,0.04,0.1846,0.0038,0.0037,3.987,0.009000000000000001,0.009000000000000001,4.2,0.7,0.7,Chaplin et al. (2014)
8179536,1.28,0.06,0.07,1.37,0.03,0.03,0.4992,0.0186,0.0183,4.272,0.012,0.012,2.0,0.9,0.7,Chaplin et al. (2014)
8360349,1.64,0.1,0.14,2.61,0.06,0.08,0.092,0.0026,0.0025,3.818,0.011000000000000001,0.012,2.5,0.8,0.4,Chaplin et al. (2014)
8367710,1.54,0.07,0.08,2.06,0.05,0.05,0.1756,0.0066,0.0066,3.9960000000000004,0.011000000000000001,0.012,2.6,0.5,0.5,Chaplin et al. (2014)
8561221,1.48,0.1,0.14,3.17,0.09,0.12,0.0465,0.0013,0.0013,3.6039999999999996,0.011000000000000001,0.012,3.3,1.1,0.7,Chaplin et al. (2014)
8579578,1.42,0.09,0.11,2.17,0.06,0.05,0.1376,0.0053,0.0051,3.9130000000000003,0.013999999999999999,0.013999999999999999,3.5,0.9,0.7,Chaplin et al. (2014)
8702606,1.3,0.06,0.07,2.49,0.05,0.06,0.0839,0.0023,0.0022,3.7569999999999997,0.006999999999999999,0.006999999999999999,4.7,0.5,0.5,Chaplin et al. (2014)
8738809,1.5,0.08,0.17,2.25,0.06,0.08,0.1294,0.0037,0.0037,3.9,0.011000000000000001,0.015,3.3,1.3,0.5,Chaplin et al. (2014)
8751420,1.34,0.06,0.07,2.74,0.06,0.06,0.0653,0.0014,0.0014,3.6889999999999996,0.006999999999999999,0.006999999999999999,4.4,0.7,0.6,Chaplin et al. (2014)
8938364,0.92,0.06,0.06,1.32,0.03,0.03,0.3968,0.0097,0.0095,4.158,0.009000000000000001,0.01,13.0,2.8,2.7,Chaplin et al. (2014)
9226926,1.39,0.05,0.04,1.64,0.03,0.03,0.3147,0.0126,0.0126,4.151,0.013000000000000001,0.012,2.2,0.3,0.3,Chaplin et al. (2014)
9908400,1.81,0.11,0.15,2.93,0.07,0.08,0.0712,0.0026,0.0024,3.7569999999999997,0.013000000000000001,0.013000000000000001,1.9,0.6,0.3,Chaplin et al. (2014)
10016239,1.23,0.05,0.05,1.28,0.02,0.02,0.5875,0.0185,0.0183,4.313,0.01,0.01,1.8,0.8,0.7,Chaplin et al. (2014)
10068307,1.23,0.15,0.08,2.0,0.08,0.05,0.1546,0.0033,0.0032,3.927,0.018000000000000002,0.012,4.9,0.6,1.2,Chaplin et al. (2014)
10462940,1.2,0.07,0.06,1.26,0.03,0.03,0.6024,0.0296,0.0295,4.317,0.015,0.016,2.5,1.1,1.1,Chaplin et al. (2014)
10516096,1.14,0.05,0.05,1.43,0.03,0.03,0.3867,0.0095,0.0093,4.181,0.006999999999999999,0.006999999999999999,5.6,1.1,1.0,Chaplin et al. (2014)
10709834,1.39,0.04,0.03,1.76,0.03,0.02,0.2573,0.0083,0.0081,4.092,0.01,0.01,2.8,0.4,0.4,Chaplin et al. (2014)
10923629,1.47,0.15,0.09,2.48,0.07,0.06,0.0964,0.0038,0.0036,3.818,0.015,0.013000000000000001,3.6,0.6,1.0,Chaplin et al. (2014)
11137075,1.01,0.05,0.05,1.66,0.04,0.04,0.2234,0.0075,0.0074,4.006,0.01,0.01,9.9,1.4,1.4,Chaplin et al. (2014)
11414712,1.26,0.07,0.08,2.34,0.06,0.06,0.098,0.0032,0.0033,3.798,0.009000000000000001,0.009000000000000001,5.0,0.7,0.7,Chaplin et al. (2014)
11717120,1.01,0.1,0.1,2.38,0.11,0.11,0.0752,0.0033,0.0031,3.69,0.006999999999999999,0.006999999999999999,8.5,3.1,2.4,Chaplin et al. (2014)
1725815,1.43,0.15,0.13,2.02,0.08,0.08,0.1733,0.0081,0.0077,3.9819999999999998,0.016,0.016,3.2,0.9,0.9,Chaplin et al. (2014)
2010607,1.48,0.15,0.14,2.44,0.12,0.11,0.1022,0.0086,0.0083,3.835,0.027000000000000003,0.027999999999999997,3.1,0.8,0.8,Chaplin et al. (2014)
2309595,1.18,0.19,0.22,2.42,0.18,0.21,0.0825,0.0072,0.0063,3.737,0.013000000000000001,0.013999999999999999,5.5,3.8,1.2,Chaplin et al. (2014)
2450729,1.13,0.11,0.13,1.77,0.06,0.07,0.2026,0.0055,0.0054,3.992,0.018000000000000002,0.017,5.8,1.9,1.2,Chaplin et al. (2014)
2849125,1.52,0.17,0.19,2.47,0.15,0.14,0.0988,0.0062,0.006,3.826,0.016,0.016,2.9,1.2,0.8,Chaplin et al. (2014)
2852862,1.53,0.12,0.16,2.11,0.06,0.08,0.1636,0.0061,0.0053,3.9730000000000003,0.017,0.015,2.6,0.8,0.7,Chaplin et al. (2014)
2865774,1.3,0.12,0.15,1.8,0.08,0.09,0.2213,0.0162,0.0157,4.0360000000000005,0.023,0.024,4.3,1.2,1.2,Chaplin et al. (2014)
2991448,1.07,0.13,0.13,1.75,0.09,0.09,0.1992,0.0102,0.01,3.98,0.02,0.017,7.8,2.6,1.9,Chaplin et al. (2014)
2998253,1.29,0.12,0.18,1.42,0.06,0.07,0.4418,0.0372,0.0364,4.235,0.028999999999999998,0.031,2.1,2.0,1.2,Chaplin et al. (2014)
3112152,1.38,0.12,0.16,1.81,0.07,0.08,0.23,0.0126,0.0121,4.058,0.017,0.02,3.0,1.4,0.7,Chaplin et al. (2014)
3112889,1.3,0.16,0.15,2.05,0.1,0.1,0.1531,0.0122,0.012,3.932,0.027999999999999997,0.027000000000000003,4.3,1.0,1.2,Chaplin et al. (2014)
3115178,1.14,0.12,0.15,2.97,0.14,0.17,0.0439,0.0018,0.0017,3.551,0.01,0.011000000000000001,6.3,3.9,1.3,Chaplin et al. (2014)
3123191,1.28,0.12,0.18,1.41,0.05,0.06,0.4489,0.0244,0.0233,4.24,0.022000000000000002,0.026000000000000002,2.2,2.1,1.2,Chaplin et al. (2014)
3223000,1.12,0.11,0.17,1.15,0.05,0.06,0.7282,0.0528,0.0506,4.361000000000001,0.025,0.028999999999999998,2.3,4.0,1.9,Chaplin et al. (2014)
3236382,1.45,0.16,0.11,1.64,0.06,0.05,0.3314,0.0156,0.0152,4.172,0.02,0.019,1.8,0.6,1.0,Chaplin et al. (2014)
3241581,0.89,0.16,0.1,1.03,0.06,0.04,0.8133,0.0231,0.0225,4.362,0.024,0.018000000000000002,10.3,4.4,5.6,Chaplin et al. (2014)
3329196,1.04,0.13,0.13,2.8,0.14,0.15,0.0474,0.0019,0.0018,3.56,0.012,0.013000000000000001,7.5,4.8,2.0,Chaplin et al. (2014)
3344897,1.55,0.16,0.18,2.33,0.08,0.09,0.1229,0.0056,0.0052,3.8930000000000002,0.021,0.018000000000000002,2.6,1.0,0.8,Chaplin et al. (2014)
3429205,1.36,0.28,0.16,3.5,0.32,0.21,0.0318,0.0021,0.0022,3.487,0.012,0.013000000000000001,4.1,1.4,1.7,Chaplin et al. (2014)
3437637,1.15,0.12,0.14,2.07,0.11,0.13,0.1292,0.0095,0.0083,3.863,0.013999999999999999,0.013999999999999999,6.4,2.2,1.0,Chaplin et al. (2014)
3438633,1.3,0.17,0.11,1.98,0.09,0.09,0.1695,0.0096,0.0091,3.963,0.019,0.018000000000000002,4.3,0.8,1.3,Chaplin et al. (2014)
3534307,0.95,0.12,0.11,1.43,0.07,0.06,0.3223,0.01,0.0099,4.102,0.019,0.018000000000000002,11.0,4.0,3.5,Chaplin et al. (2014)
3545753,1.31,0.13,0.14,2.37,0.1,0.11,0.0984,0.0061,0.0059,3.805,0.02,0.02,4.4,0.9,0.8,Chaplin et al. (2014)
3630240,1.81,0.17,0.2,4.74,0.19,0.24,0.0171,0.0009,0.0008,3.342,0.013999999999999999,0.013999999999999999,1.7,0.7,0.5,Chaplin et al. (2014)
3633847,1.25,0.16,0.09,1.84,0.07,0.06,0.2019,0.0072,0.007,4.008,0.017,0.016,4.6,0.6,1.3,Chaplin et al. (2014)
3633889,1.25,0.12,0.1,1.33,0.05,0.05,0.5306,0.0189,0.0187,4.2860000000000005,0.013000000000000001,0.013000000000000001,1.7,1.1,1.1,Chaplin et al. (2014)
3642422,1.35,0.23,0.22,3.07,0.18,0.19,0.0466,0.0016,0.0017,3.594,0.019,0.025,4.2,1.8,1.4,Chaplin et al. (2014)
3643774,1.12,0.15,0.11,1.53,0.07,0.06,0.3123,0.0105,0.0104,4.1160000000000005,0.019,0.015,5.6,1.8,1.9,Chaplin et al. (2014)
3657002,1.2,0.11,0.12,1.51,0.05,0.05,0.3466,0.0099,0.0097,4.157,0.013999999999999999,0.015,4.5,1.7,1.2,Chaplin et al. (2014)
3661135,1.17,0.08,0.1,1.95,0.06,0.07,0.1593,0.0063,0.0059,3.928,0.013000000000000001,0.013000000000000001,6.6,1.2,0.8,Chaplin et al. (2014)
3730801,1.2,0.12,0.18,1.58,0.07,0.09,0.3046,0.0162,0.0155,4.1160000000000005,0.018000000000000002,0.02,5.0,3.0,1.3,Chaplin et al. (2014)
3735871,1.12,0.08,0.14,1.1,0.04,0.05,0.8225,0.0459,0.0445,4.396,0.018000000000000002,0.022000000000000002,1.6,2.8,1.4,Chaplin et al. (2014)
3761840,1.69,0.17,0.25,2.87,0.15,0.14,0.0701,0.0051,0.0053,3.742,0.024,0.028999999999999998,2.2,1.1,0.6,Chaplin et al. (2014)
3854781,1.33,0.08,0.12,1.85,0.05,0.07,0.2092,0.007,0.0067,4.024,0.012,0.015,4.5,1.0,0.7,Chaplin et al. (2014)
3942719,1.18,0.15,0.15,2.16,0.15,0.14,0.1168,0.0098,0.0107,3.8369999999999997,0.019,0.02,5.5,1.5,0.8,Chaplin et al. (2014)
3952307,1.21,0.13,0.15,2.05,0.08,0.09,0.1407,0.0058,0.0056,3.8960000000000004,0.022000000000000002,0.02,5.1,1.2,0.9,Chaplin et al. (2014)
3952580,1.74,0.16,0.13,2.84,0.1,0.1,0.0763,0.0031,0.0031,3.772,0.013999999999999999,0.015,2.0,0.4,0.5,Chaplin et al. (2014)
3967430,1.39,0.14,0.08,1.47,0.05,0.05,0.4421,0.0203,0.0201,4.251,0.016,0.017,1.1,0.6,0.8,Chaplin et al. (2014)
3967859,1.13,0.14,0.16,1.33,0.07,0.07,0.4725,0.0315,0.0296,4.236000000000001,0.026000000000000002,0.028999999999999998,4.5,3.5,2.2,Chaplin et al. (2014)
4038445,1.32,0.17,0.15,2.93,0.14,0.14,0.0522,0.0018,0.0018,3.622,0.013000000000000001,0.013000000000000001,4.3,1.3,1.1,Chaplin et al. (2014)
4049576,1.29,0.18,0.16,2.07,0.09,0.1,0.1462,0.0089,0.0088,3.917,0.023,0.025,4.7,0.9,1.3,Chaplin et al. (2014)
4064447,1.92,0.09,0.15,4.6,0.11,0.14,0.0195,0.0008,0.0007,3.391,0.011000000000000001,0.011000000000000001,1.5,0.4,0.3,Chaplin et al. (2014)
4072740,1.32,0.08,0.16,4.14,0.13,0.21,0.0185,0.0008,0.0008,3.321,0.012,0.013000000000000001,4.9,1.8,0.9,Chaplin et al. (2014)
4165030,1.06,0.11,0.12,1.74,0.08,0.09,0.2021,0.0097,0.0098,3.9819999999999998,0.017,0.017,8.1,2.6,1.9,Chaplin et al. (2014)
4243623,1.13,0.11,0.1,2.74,0.11,0.1,0.055,0.0016,0.0015,3.616,0.01,0.01,6.1,2.2,1.1,Chaplin et al. (2014)
4252818,0.97,0.14,0.13,1.52,0.12,0.1,0.2764,0.0257,0.0254,4.06,0.021,0.021,11.0,4.2,3.4,Chaplin et al. (2014)
4346201,1.42,0.15,0.12,2.03,0.07,0.07,0.1717,0.0065,0.0061,3.9789999999999996,0.016,0.015,3.4,0.8,0.9,Chaplin et al. (2014)
4347652,1.75,0.22,0.43,4.73,0.24,0.49,0.0165,0.0011,0.001,3.323,0.022000000000000002,0.027000000000000003,2.0,2.3,0.8,Chaplin et al. (2014)
4351319,1.62,0.13,0.23,3.72,0.13,0.22,0.0314,0.0013,0.0011,3.505,0.008,0.009000000000000001,2.7,1.3,0.6,Chaplin et al. (2014)
4378838,1.63,0.12,0.23,3.73,0.1,0.2,0.0315,0.0008,0.0008,3.5060000000000002,0.009000000000000001,0.013999999999999999,2.7,1.4,0.6,Chaplin et al. (2014)
4446300,1.06,0.1,0.09,2.01,0.07,0.07,0.1315,0.0035,0.0034,3.859,0.011000000000000001,0.012,8.0,2.1,1.6,Chaplin et al. (2014)
4450844,1.17,0.09,0.11,1.6,0.05,0.06,0.284,0.0084,0.008,4.093999999999999,0.012,0.012,5.2,1.8,1.1,Chaplin et al. (2014)
4457351,0.96,0.13,0.12,1.7,0.09,0.08,0.1949,0.0112,0.0109,3.958,0.021,0.021,11.0,3.5,2.8,Chaplin et al. (2014)
4465324,1.14,0.11,0.16,1.41,0.06,0.09,0.4082,0.0224,0.0213,4.194,0.015,0.016,5.3,3.5,1.7,Chaplin et al. (2014)
4465529,1.34,0.11,0.2,1.64,0.07,0.07,0.2978,0.0214,0.0196,4.127,0.024,0.027999999999999997,2.9,1.9,0.8,Chaplin et al. (2014)
4543171,1.37,0.09,0.12,1.68,0.05,0.05,0.2876,0.0126,0.0126,4.121,0.016,0.017,3.0,0.9,0.7,Chaplin et al. (2014)
4554830,1.09,0.07,0.17,1.4,0.04,0.08,0.3956,0.0128,0.0109,4.178999999999999,0.011000000000000001,0.017,8.2,6.5,2.4,Chaplin et al. (2014)
4571351,1.06,0.21,0.12,1.47,0.08,0.06,0.3369,0.0175,0.0169,4.133,0.027999999999999997,0.024,6.6,2.6,2.8,Chaplin et al. (2014)
4571904,1.47,0.16,0.14,2.37,0.12,0.1,0.1097,0.0067,0.0062,3.853,0.019,0.019,3.2,0.9,1.0,Chaplin et al. (2014)
4574610,1.42,0.15,0.15,2.81,0.1,0.1,0.0644,0.002,0.0018,3.693,0.019,0.017,3.7,0.9,0.8,Chaplin et al. (2014)
4577484,1.14,0.13,0.15,2.13,0.1,0.12,0.1176,0.0071,0.0068,3.835,0.018000000000000002,0.02,6.3,2.2,1.0,Chaplin et al. (2014)
4641621,1.49,0.16,0.14,3.11,0.16,0.14,0.0495,0.0041,0.004,3.625,0.022000000000000002,0.023,3.1,0.8,0.7,Chaplin et al. (2014)
4646780,1.43,0.15,0.1,1.92,0.08,0.08,0.2018,0.0125,0.0123,4.027,0.019,0.021,2.9,0.7,0.9,Chaplin et al. (2014)
4672403,1.25,0.13,0.16,1.86,0.08,0.09,0.1942,0.0077,0.0074,3.9939999999999998,0.015,0.019,4.9,1.9,0.9,Chaplin et al. (2014)
4739932,1.24,0.14,0.17,1.84,0.08,0.09,0.199,0.0094,0.009,4.0,0.02,0.023,4.8,1.8,1.0,Chaplin et al. (2014)
4755204,1.26,0.11,0.12,1.68,0.05,0.06,0.2683,0.0087,0.0086,4.0889999999999995,0.013000000000000001,0.013000000000000001,4.4,1.1,1.1,Chaplin et al. (2014)
4756112,1.64,0.14,0.26,2.74,0.1,0.13,0.0789,0.0041,0.0039,3.772,0.02,0.025,2.4,1.2,0.5,Chaplin et al. (2014)
4841753,1.31,0.15,0.17,2.12,0.1,0.1,0.1358,0.0098,0.0097,3.8960000000000004,0.026000000000000002,0.026000000000000002,4.5,1.0,1.0,Chaplin et al. (2014)
4842436,1.1,0.17,0.13,1.58,0.09,0.08,0.2801,0.0207,0.0201,4.083,0.024,0.025,6.3,2.5,2.0,Chaplin et al. (2014)
4846457,1.36,0.15,0.14,2.42,0.12,0.11,0.0954,0.0056,0.0054,3.801,0.021,0.019,4.1,0.9,0.9,Chaplin et al. (2014)
4915148,1.04,0.11,0.12,2.48,0.1,0.11,0.0678,0.0017,0.0017,3.6630000000000003,0.013000000000000001,0.015,9.9,5.0,2.9,Chaplin et al. (2014)
4918355,1.07,0.1,0.11,2.98,0.11,0.12,0.0403,0.0009,0.0009,3.517,0.01,0.011000000000000001,8.1,4.3,2.3,Chaplin et al. (2014)
4931390,1.37,0.11,0.12,1.41,0.04,0.04,0.4889,0.0155,0.0149,4.276,0.013999999999999999,0.015,0.9,0.9,0.7,Chaplin et al. (2014)
4947253,1.33,0.13,0.13,2.07,0.08,0.08,0.1499,0.0059,0.0058,3.93,0.015,0.017,4.1,1.0,0.9,Chaplin et al. (2014)
5033245,1.61,0.15,0.17,3.55,0.13,0.16,0.0363,0.0013,0.0013,3.5460000000000003,0.012,0.013000000000000001,2.6,0.8,0.6,Chaplin et al. (2014)
5084157,1.14,0.11,0.16,1.4,0.05,0.08,0.4191,0.0226,0.0222,4.202,0.018000000000000002,0.019,5.0,3.3,1.7,Chaplin et al. (2014)
5095159,1.25,0.16,0.21,2.67,0.13,0.17,0.0658,0.0021,0.0021,3.682,0.016,0.023,5.1,2.9,1.3,Chaplin et al. (2014)
5095850,1.45,0.27,0.1,2.29,0.17,0.1,0.1226,0.0103,0.0102,3.888,0.022000000000000002,0.021,3.2,0.7,1.4,Chaplin et al. (2014)
5110725,1.33,0.06,0.11,3.75,0.08,0.14,0.0253,0.0007,0.0007,3.412,0.008,0.009000000000000001,4.9,1.3,0.8,Chaplin et al. (2014)
5214711,1.26,0.21,0.11,1.87,0.09,0.08,0.1972,0.0108,0.0101,4.005,0.026000000000000002,0.025,4.6,0.7,1.8,Chaplin et al. (2014)
5253542,0.94,0.18,0.11,1.15,0.07,0.05,0.6314,0.0233,0.0221,4.298,0.025,0.021,8.6,4.3,4.6,Chaplin et al. (2014)
5265656,1.17,0.25,0.3,2.58,0.36,0.3,0.0669,0.0172,0.0152,3.673,0.062,0.07,5.7,6.6,1.9,Chaplin et al. (2014)
5309966,1.38,0.12,0.1,1.65,0.06,0.06,0.3102,0.0144,0.0144,4.145,0.015,0.015,2.4,0.8,0.6,Chaplin et al. (2014)
5344612,1.38,0.12,0.13,1.78,0.07,0.07,0.2423,0.0119,0.0114,4.073,0.016,0.018000000000000002,3.0,0.9,0.7,Chaplin et al. (2014)
5353186,1.52,0.14,0.16,2.28,0.09,0.1,0.1277,0.0057,0.0056,3.9,0.015,0.013000000000000001,2.9,0.9,0.8,Chaplin et al. (2014)
5390438,1.17,0.15,0.16,3.62,0.18,0.2,0.0248,0.0009,0.0009,3.39,0.013999999999999999,0.016,6.0,3.5,1.5,Chaplin et al. (2014)
5429911,1.38,0.25,0.24,3.19,0.21,0.22,0.0423,0.0019,0.0019,3.569,0.021,0.027999999999999997,3.9,2.1,1.5,Chaplin et al. (2014)
5431016,1.48,0.24,0.14,2.22,0.11,0.09,0.1371,0.0113,0.0108,3.923,0.028999999999999998,0.032,2.9,1.0,1.2,Chaplin et al. (2014)
5431807,1.47,0.15,0.16,3.25,0.14,0.15,0.0427,0.0016,0.0015,3.5789999999999997,0.01,0.011000000000000001,3.3,1.1,0.8,Chaplin et al. (2014)
5468089,1.51,0.13,0.16,2.01,0.06,0.08,0.1856,0.007,0.0064,4.008,0.017,0.015,2.7,0.8,0.7,Chaplin et al. (2014)
5516982,1.25,0.12,0.15,1.48,0.05,0.06,0.3841,0.0131,0.0127,4.1930000000000005,0.016,0.019,3.0,1.6,1.1,Chaplin et al. (2014)
5523099,1.26,0.11,0.12,2.39,0.09,0.1,0.093,0.0041,0.0041,3.783,0.013999999999999999,0.015,5.0,0.8,0.8,Chaplin et al. (2014)
5530375,1.4,0.13,0.13,2.77,0.1,0.1,0.066,0.0028,0.0028,3.699,0.015,0.015,3.7,0.8,0.7,Chaplin et al. (2014)
5543462,1.21,0.14,0.18,1.39,0.06,0.07,0.4475,0.0215,0.0206,4.229,0.024,0.027000000000000003,3.1,3.1,1.6,Chaplin et al. (2014)
5603483,1.27,0.1,0.12,3.62,0.11,0.14,0.0267,0.0007,0.0007,3.4219999999999997,0.01,0.012,5.4,1.6,1.0,Chaplin et al. (2014)
5607242,1.32,0.1,0.1,2.48,0.08,0.09,0.0865,0.0034,0.0032,3.7680000000000002,0.011000000000000001,0.011000000000000001,4.6,0.7,0.6,Chaplin et al. (2014)
5629080,1.36,0.21,0.16,3.21,0.21,0.17,0.0411,0.0019,0.0019,3.5589999999999997,0.012,0.012,4.0,1.5,1.3,Chaplin et al. (2014)
5636956,1.41,0.13,0.14,2.02,0.07,0.07,0.1712,0.0063,0.006,3.977,0.013999999999999999,0.015,3.2,1.1,0.8,Chaplin et al. (2014)
5683538,1.39,0.21,0.13,2.44,0.13,0.1,0.0964,0.0057,0.0053,3.81,0.018000000000000002,0.018000000000000002,3.8,0.8,1.2,Chaplin et al. (2014)
5686856,1.13,0.12,0.11,1.77,0.08,0.08,0.2033,0.0104,0.01,3.9939999999999998,0.013000000000000001,0.013000000000000001,5.8,1.6,1.2,Chaplin et al. (2014)
5689219,1.39,0.15,0.1,1.81,0.06,0.06,0.2378,0.0091,0.0081,4.071000000000001,0.016,0.015,2.8,0.7,0.8,Chaplin et al. (2014)
5689820,1.13,0.1,0.11,2.32,0.09,0.1,0.0905,0.0031,0.003,3.759,0.011000000000000001,0.012,7.0,2.5,1.5,Chaplin et al. (2014)
5723165,1.38,0.14,0.16,2.78,0.12,0.13,0.064,0.0028,0.0027,3.687,0.013999999999999999,0.013999999999999999,4.1,1.1,0.8,Chaplin et al. (2014)
5773155,1.37,0.13,0.17,1.85,0.08,0.09,0.2177,0.0146,0.0141,4.041,0.018000000000000002,0.019,3.2,1.4,0.8,Chaplin et al. (2014)
5822889,1.84,0.15,0.22,4.4,0.15,0.22,0.0217,0.0011,0.001,3.415,0.013999999999999999,0.015,1.7,0.7,0.4,Chaplin et al. (2014)
5892169,1.5,0.12,0.16,3.15,0.11,0.13,0.0476,0.0013,0.0013,3.614,0.01,0.012,3.2,1.1,0.7,Chaplin et al. (2014)
5950854,0.96,0.13,0.09,1.24,0.06,0.05,0.5087,0.0177,0.0181,4.237,0.015,0.015,9.5,3.8,3.7,Chaplin et al. (2014)
5961597,1.6,0.12,0.15,1.96,0.05,0.07,0.2118,0.0089,0.0087,4.055,0.018000000000000002,0.021,1.9,0.9,0.5,Chaplin et al. (2014)
6034893,1.83,0.15,0.18,4.26,0.14,0.18,0.0237,0.0008,0.0008,3.44,0.011000000000000001,0.012,1.8,0.6,0.4,Chaplin et al. (2014)
6035199,1.02,0.22,0.14,3.21,0.24,0.18,0.0307,0.0012,0.0011,3.4339999999999997,0.021,0.02,8.7,4.7,3.5,Chaplin et al. (2014)
6047087,1.16,0.12,0.15,1.35,0.05,0.06,0.4785,0.0154,0.0156,4.245,0.015,0.018000000000000002,3.8,2.6,1.6,Chaplin et al. (2014)
6049366,1.23,0.16,0.14,1.84,0.1,0.09,0.1962,0.0132,0.0128,3.9960000000000004,0.022000000000000002,0.023,4.8,1.3,1.3,Chaplin et al. (2014)
6064910,1.48,0.13,0.12,2.36,0.1,0.08,0.1127,0.0057,0.006,3.862,0.02,0.018000000000000002,3.0,0.6,0.8,Chaplin et al. (2014)
6106120,1.4,0.12,0.14,2.78,0.1,0.11,0.0652,0.0025,0.0024,3.695,0.013999999999999999,0.015,3.9,0.9,0.6,Chaplin et al. (2014)
6119013,1.4,0.28,0.42,3.32,0.3,0.49,0.0386,0.0046,0.0036,3.536,0.02,0.018000000000000002,3.6,7.2,1.6,Chaplin et al. (2014)
6129877,1.16,0.11,0.16,1.36,0.04,0.07,0.462,0.0155,0.0151,4.234,0.015,0.018000000000000002,4.4,2.8,1.7,Chaplin et al. (2014)
6145937,1.12,0.15,0.12,2.32,0.13,0.11,0.0897,0.0043,0.0042,3.7569999999999997,0.013999999999999999,0.013999999999999999,5.8,1.6,1.1,Chaplin et al. (2014)
6232600,1.28,0.11,0.15,1.35,0.06,0.06,0.5143,0.0403,0.0397,4.279,0.026000000000000002,0.028999999999999998,1.6,1.7,1.2,Chaplin et al. (2014)
6287060,1.08,0.14,0.13,1.47,0.07,0.07,0.3448,0.0134,0.0132,4.141,0.019,0.02,6.7,3.7,2.2,Chaplin et al. (2014)
6290627,1.34,0.25,0.14,3.68,0.27,0.16,0.0268,0.001,0.0011,3.432,0.013999999999999999,0.013000000000000001,4.2,1.4,1.7,Chaplin et al. (2014)
6308642,1.32,0.1,0.12,2.39,0.08,0.09,0.096,0.0036,0.0036,3.798,0.013000000000000001,0.013000000000000001,4.7,0.7,0.6,Chaplin et al. (2014)
6363365,0.95,0.19,0.16,1.34,0.08,0.07,0.396,0.0157,0.0141,4.163,0.028999999999999998,0.026000000000000002,10.5,8.8,6.1,Chaplin et al. (2014)
6370489,1.3,0.12,0.13,2.08,0.08,0.08,0.1452,0.0056,0.0053,3.917,0.013000000000000001,0.015,4.3,0.9,0.7,Chaplin et al. (2014)
6421967,1.27,0.08,0.11,1.27,0.04,0.04,0.6075,0.0267,0.0258,4.327,0.015,0.018000000000000002,0.9,1.4,0.9,Chaplin et al. (2014)
6430804,1.13,0.12,0.11,3.2,0.14,0.14,0.0346,0.0012,0.0012,3.4819999999999998,0.009000000000000001,0.01,5.9,2.2,1.1,Chaplin et al. (2014)
6448798,1.43,0.19,0.13,2.41,0.13,0.1,0.1029,0.0061,0.0059,3.833,0.018000000000000002,0.018000000000000002,3.5,0.8,1.1,Chaplin et al. (2014)
6450651,1.11,0.17,0.23,1.72,0.12,0.13,0.2185,0.0163,0.0154,4.01,0.028999999999999998,0.03,6.5,7.0,2.3,Chaplin et al. (2014)
6505044,1.28,0.1,0.11,3.77,0.11,0.14,0.0239,0.0007,0.0007,3.391,0.009000000000000001,0.009000000000000001,5.3,1.4,1.0,Chaplin et al. (2014)
6520835,1.39,0.15,0.11,2.18,0.09,0.07,0.1348,0.0045,0.0045,3.907,0.013000000000000001,0.017,3.7,1.1,0.7,Chaplin et al. (2014)
6529109,1.35,0.08,0.22,1.91,0.05,0.11,0.1922,0.0065,0.0063,4.0,0.012,0.023,4.4,2.9,0.7,Chaplin et al. (2014)
6530901,1.28,0.12,0.19,1.55,0.05,0.07,0.3394,0.0143,0.0136,4.159,0.02,0.025,3.2,1.9,1.1,Chaplin et al. (2014)
6531928,1.0,0.14,0.14,2.68,0.15,0.15,0.052,0.0021,0.002,3.582,0.016,0.016,8.0,5.3,2.4,Chaplin et al. (2014)
6587236,1.45,0.16,0.14,3.01,0.17,0.15,0.0535,0.0046,0.0044,3.6439999999999997,0.021,0.021,3.3,0.8,0.8,Chaplin et al. (2014)
6592305,1.54,0.09,0.2,2.34,0.06,0.11,0.1191,0.0042,0.0033,3.8810000000000002,0.01,0.02,3.0,1.4,0.3,Chaplin et al. (2014)
6593461,0.98,0.18,0.17,1.31,0.08,0.07,0.4426,0.0219,0.0214,4.197,0.034,0.027999999999999997,9.3,8.1,5.6,Chaplin et al. (2014)
6593620,1.0,0.13,0.13,1.59,0.09,0.08,0.2451,0.0169,0.0162,4.029,0.025,0.023,10.0,3.5,2.8,Chaplin et al. (2014)
6605673,1.24,0.13,0.1,1.71,0.06,0.06,0.2503,0.0075,0.0073,4.0680000000000005,0.016,0.015,4.5,1.0,1.3,Chaplin et al. (2014)
6612225,1.37,0.1,0.14,1.9,0.06,0.07,0.2002,0.0073,0.0069,4.016,0.013000000000000001,0.013999999999999999,3.4,1.3,0.7,Chaplin et al. (2014)
6671492,1.56,0.11,0.21,2.5,0.1,0.13,0.0985,0.0044,0.0041,3.8280000000000003,0.012,0.013999999999999999,2.8,1.2,0.4,Chaplin et al. (2014)
6688822,1.18,0.11,0.15,2.15,0.09,0.12,0.1181,0.0057,0.0051,3.842,0.013000000000000001,0.013999999999999999,5.7,1.3,0.7,Chaplin et al. (2014)
6689943,1.24,0.1,0.1,1.51,0.05,0.05,0.357,0.0122,0.0123,4.17,0.013999999999999999,0.015,4.1,1.4,1.2,Chaplin et al. (2014)
6693861,1.16,0.14,0.14,2.17,0.1,0.13,0.1148,0.0063,0.0053,3.8339999999999996,0.015,0.017,5.5,1.4,0.7,Chaplin et al. (2014)
6766513,1.35,0.16,0.12,2.11,0.08,0.08,0.1439,0.0066,0.0063,3.92,0.02,0.019,4.0,0.9,1.2,Chaplin et al. (2014)
6802438,1.25,0.17,0.17,2.7,0.14,0.14,0.0636,0.0027,0.0025,3.6719999999999997,0.016,0.017,4.8,1.5,1.2,Chaplin et al. (2014)
6806100,1.19,0.09,0.12,2.09,0.09,0.1,0.1303,0.0113,0.0107,3.8710000000000004,0.025,0.025,6.3,1.3,0.9,Chaplin et al. (2014)
6837853,1.14,0.11,0.17,1.37,0.05,0.07,0.4357,0.0155,0.0151,4.213,0.017,0.021,5.2,3.7,1.9,Chaplin et al. (2014)
6848299,0.91,0.19,0.12,1.77,0.16,0.12,0.1669,0.0148,0.0153,3.909,0.017,0.017,12.3,4.3,4.4,Chaplin et al. (2014)
6853020,1.3,0.22,0.11,2.01,0.09,0.08,0.1645,0.0082,0.0081,3.9560000000000004,0.025,0.021,4.3,0.7,1.7,Chaplin et al. (2014)
6863041,1.32,0.1,0.18,2.39,0.09,0.15,0.0977,0.0086,0.005,3.806,0.025,0.018000000000000002,4.8,1.0,0.7,Chaplin et al. (2014)
6947945,1.15,0.16,0.19,2.24,0.15,0.19,0.1024,0.0088,0.0073,3.7960000000000003,0.01,0.01,5.9,3.2,1.1,Chaplin et al. (2014)
7019341,0.99,0.2,0.12,1.4,0.1,0.08,0.3649,0.0258,0.0252,4.148,0.021,0.021,9.8,4.1,4.2,Chaplin et al. (2014)
7038145,1.57,0.11,0.23,2.48,0.08,0.12,0.1017,0.0037,0.0033,3.839,0.013000000000000001,0.019,2.7,1.3,0.5,Chaplin et al. (2014)
7107778,1.35,0.17,0.14,2.92,0.14,0.12,0.0541,0.002,0.002,3.637,0.013999999999999999,0.013999999999999999,4.6,1.2,1.3,Chaplin et al. (2014)
7133688,1.44,0.15,0.1,1.91,0.08,0.08,0.2065,0.0134,0.0129,4.034,0.02,0.021,2.8,0.7,0.9,Chaplin et al. (2014)
7174470,1.44,0.17,0.15,2.28,0.1,0.09,0.1211,0.0054,0.0055,3.88,0.017,0.022000000000000002,3.4,1.1,1.0,Chaplin et al. (2014)
7216846,1.43,0.18,0.18,3.17,0.16,0.16,0.0449,0.0019,0.0018,3.591,0.015,0.016,3.6,1.4,1.0,Chaplin et al. (2014)
7218053,1.32,0.19,0.15,2.44,0.16,0.13,0.0915,0.0069,0.0065,3.787,0.024,0.023,4.4,1.0,1.1,Chaplin et al. (2014)
7264595,1.33,0.15,0.14,2.72,0.15,0.14,0.0662,0.0051,0.005,3.693,0.018000000000000002,0.019,4.2,0.9,0.8,Chaplin et al. (2014)
7296438,0.97,0.19,0.11,1.33,0.08,0.06,0.4174,0.0213,0.0204,4.183,0.027000000000000003,0.024,9.2,3.7,4.2,Chaplin et al. (2014)
7341231,0.9,0.16,0.11,2.69,0.2,0.14,0.0458,0.0021,0.0026,3.531,0.013000000000000001,0.011000000000000001,12.4,5.5,5.6,Chaplin et al. (2014)
7376493,0.97,0.12,0.11,1.49,0.08,0.07,0.2945,0.0147,0.0143,4.079,0.018000000000000002,0.017,10.3,3.5,3.0,Chaplin et al. (2014)
7383120,1.24,0.12,0.13,1.45,0.05,0.07,0.4082,0.0218,0.0206,4.208,0.018000000000000002,0.018000000000000002,3.2,1.8,1.2,Chaplin et al. (2014)
7386523,1.29,0.23,0.16,2.16,0.12,0.11,0.1276,0.0096,0.0098,3.877,0.028999999999999998,0.026000000000000002,4.7,1.0,1.5,Chaplin et al. (2014)
7429287,1.05,0.2,0.09,1.57,0.1,0.06,0.2713,0.0106,0.0102,4.069,0.016,0.013000000000000001,8.9,2.6,3.7,Chaplin et al. (2014)
7448374,1.28,0.12,0.26,2.31,0.08,0.27,0.106,0.0159,0.0043,3.827,0.01,0.013999999999999999,5.0,1.9,0.7,Chaplin et al. (2014)
7465072,1.35,0.17,0.22,1.7,0.09,0.09,0.2675,0.0316,0.029,4.095,0.044000000000000004,0.048,3.1,2.5,1.3,Chaplin et al. (2014)
7530690,1.36,0.07,0.09,1.34,0.04,0.04,0.5576,0.0315,0.0275,4.313,0.013000000000000001,0.015,0.3,0.7,0.4,Chaplin et al. (2014)
7534011,1.07,0.13,0.13,1.8,0.1,0.1,0.183,0.0117,0.0113,3.955,0.013999999999999999,0.013000000000000001,8.0,2.6,1.7,Chaplin et al. (2014)
7584900,1.26,0.1,0.11,3.64,0.12,0.14,0.026,0.0008,0.0007,3.4139999999999997,0.008,0.009000000000000001,5.5,1.7,1.0,Chaplin et al. (2014)
7591963,1.31,0.09,0.19,1.9,0.06,0.09,0.1874,0.0064,0.0063,3.989,0.013999999999999999,0.022000000000000002,4.4,2.0,0.6,Chaplin et al. (2014)
7611858,1.12,0.15,0.15,1.54,0.07,0.08,0.3076,0.0154,0.0148,4.112,0.022000000000000002,0.025,6.1,3.5,1.9,Chaplin et al. (2014)
7622208,1.41,0.11,0.13,1.92,0.07,0.08,0.1974,0.0095,0.0091,4.0169999999999995,0.015,0.016,3.0,0.9,0.7,Chaplin et al. (2014)
7628676,1.53,0.12,0.15,3.24,0.11,0.14,0.0453,0.0016,0.0016,3.603,0.009000000000000001,0.011000000000000001,3.0,0.9,0.6,Chaplin et al. (2014)
7700968,0.91,0.15,0.1,1.17,0.07,0.05,0.5648,0.0307,0.0295,4.261,0.02,0.02,11.6,4.5,4.9,Chaplin et al. (2014)
7739672,1.29,0.12,0.15,1.75,0.06,0.08,0.2383,0.0112,0.011,4.058,0.02,0.022000000000000002,4.1,1.3,1.1,Chaplin et al. (2014)
7771282,1.37,0.1,0.12,1.66,0.05,0.06,0.2981,0.014,0.0133,4.131,0.017,0.017,2.6,1.0,0.6,Chaplin et al. (2014)
7799430,0.98,0.17,0.11,2.66,0.17,0.14,0.0527,0.0023,0.0023,3.585,0.013999999999999999,0.013000000000000001,10.2,4.7,4.2,Chaplin et al. (2014)
7833440,1.16,0.13,0.11,1.7,0.07,0.06,0.2349,0.0086,0.0085,4.039,0.019,0.016,5.0,1.2,1.2,Chaplin et al. (2014)
7870112,1.03,0.24,0.12,1.59,0.11,0.07,0.2609,0.0106,0.0106,4.053999999999999,0.028999999999999998,0.02,9.0,3.0,3.9,Chaplin et al. (2014)
7880676,1.38,0.14,0.17,2.07,0.08,0.09,0.157,0.0056,0.0055,3.95,0.015,0.022000000000000002,3.8,1.6,0.7,Chaplin et al. (2014)
7910848,1.22,0.16,0.15,1.61,0.07,0.07,0.2919,0.0123,0.0123,4.11,0.024,0.025,4.0,1.9,1.2,Chaplin et al. (2014)
7914731,1.45,0.16,0.13,2.79,0.15,0.12,0.0672,0.0047,0.0044,3.7110000000000003,0.022000000000000002,0.021,3.4,0.8,0.8,Chaplin et al. (2014)
7938112,0.86,0.14,0.1,1.6,0.09,0.07,0.2124,0.0131,0.0129,3.97,0.021,0.021,13.8,5.5,5.9,Chaplin et al. (2014)
8012842,0.98,0.18,0.1,1.26,0.07,0.06,0.494,0.0247,0.0246,4.234,0.024,0.024,8.1,3.8,3.8,Chaplin et al. (2014)
8016496,1.47,0.14,0.12,2.04,0.08,0.08,0.172,0.0076,0.0075,3.983,0.016,0.016,2.9,0.7,0.9,Chaplin et al. (2014)
8018599,1.55,0.16,0.15,3.33,0.11,0.12,0.0423,0.0018,0.0018,3.5839999999999996,0.019,0.018000000000000002,2.8,0.7,0.6,Chaplin et al. (2014)
8019508,1.47,0.27,0.13,2.62,0.18,0.13,0.0831,0.0063,0.0062,3.7760000000000002,0.021,0.021,3.3,0.8,1.3,Chaplin et al. (2014)
8027956,1.17,0.16,0.15,1.72,0.09,0.09,0.2283,0.0115,0.0111,4.032,0.022000000000000002,0.024,5.5,2.2,1.4,Chaplin et al. (2014)
8045442,1.45,0.16,0.14,3.01,0.11,0.11,0.0535,0.0022,0.0021,3.6439999999999997,0.019,0.018000000000000002,3.3,0.8,0.8,Chaplin et al. (2014)
8106950,1.07,0.12,0.13,1.71,0.08,0.08,0.215,0.0104,0.0099,4.002,0.02,0.018000000000000002,7.0,2.4,1.7,Chaplin et al. (2014)
8114155,1.05,0.17,0.12,1.54,0.08,0.07,0.2884,0.0126,0.0123,4.087,0.021,0.02,7.6,2.8,2.7,Chaplin et al. (2014)
8150065,1.22,0.12,0.13,1.41,0.05,0.06,0.4293,0.0168,0.0162,4.22,0.016,0.017,3.3,2.0,1.3,Chaplin et al. (2014)
8172589,1.12,0.16,0.16,2.13,0.14,0.13,0.1157,0.0101,0.0099,3.8289999999999997,0.023,0.026000000000000002,6.2,2.9,1.2,Chaplin et al. (2014)
8174170,1.3,0.23,0.17,2.2,0.15,0.14,0.1217,0.0087,0.009,3.865,0.017,0.017,4.6,1.0,1.6,Chaplin et al. (2014)
8174981,1.38,0.13,0.14,2.05,0.08,0.08,0.1594,0.0066,0.0063,3.952,0.013999999999999999,0.016,3.9,1.0,0.8,Chaplin et al. (2014)
8176564,1.2,0.11,0.12,1.55,0.05,0.06,0.3236,0.0116,0.0108,4.137,0.013999999999999999,0.013999999999999999,4.5,1.8,1.2,Chaplin et al. (2014)
8179643,1.36,0.13,0.14,1.97,0.09,0.09,0.1765,0.01,0.0093,3.978,0.016,0.016,3.8,1.1,0.9,Chaplin et al. (2014)
8179973,1.34,0.09,0.13,3.61,0.1,0.13,0.0285,0.0006,0.0006,3.449,0.011000000000000001,0.011000000000000001,4.4,1.2,0.9,Chaplin et al. (2014)
8216936,1.43,0.15,0.11,1.93,0.09,0.08,0.1989,0.0132,0.0133,4.023,0.02,0.021,2.9,0.7,0.9,Chaplin et al. (2014)
8241455,1.4,0.23,0.12,2.46,0.12,0.09,0.0945,0.0032,0.0031,3.804,0.021,0.017,3.8,0.8,1.3,Chaplin et al. (2014)
8249189,1.35,0.11,0.2,1.71,0.09,0.1,0.2666,0.0258,0.0256,4.093999999999999,0.026000000000000002,0.027000000000000003,3.1,1.7,0.8,Chaplin et al. (2014)
8289241,1.11,0.14,0.14,1.32,0.07,0.07,0.4808,0.0262,0.0259,4.24,0.02,0.022000000000000002,4.3,3.0,1.9,Chaplin et al. (2014)
8298626,1.12,0.09,0.15,1.35,0.04,0.07,0.4515,0.0158,0.0159,4.221,0.013999999999999999,0.017,5.4,3.4,1.8,Chaplin et al. (2014)
8321567,1.06,0.19,0.11,1.59,0.09,0.07,0.2667,0.0086,0.0086,4.063,0.023,0.018000000000000002,7.8,2.6,2.8,Chaplin et al. (2014)
8377423,1.37,0.22,0.2,2.04,0.12,0.12,0.1604,0.0167,0.016,3.951,0.038,0.039,3.8,2.0,1.7,Chaplin et al. (2014)
8379927,1.2,0.09,0.11,1.15,0.03,0.04,0.7944,0.0146,0.0146,4.397,0.012,0.015,1.0,2.6,1.7,Chaplin et al. (2014)
8391021,1.29,0.1,0.11,1.54,0.05,0.05,0.3516,0.012,0.0115,4.171,0.012,0.013000000000000001,3.0,1.0,0.9,Chaplin et al. (2014)
8408931,1.63,0.22,0.17,2.94,0.12,0.13,0.0644,0.0025,0.0025,3.715,0.018000000000000002,0.02,2.6,0.7,0.9,Chaplin et al. (2014)
8414062,1.31,0.12,0.19,1.69,0.07,0.08,0.2653,0.0146,0.0145,4.0889999999999995,0.024,0.027999999999999997,3.5,1.8,0.9,Chaplin et al. (2014)
8416311,1.41,0.19,0.09,2.21,0.09,0.06,0.1323,0.0049,0.0047,3.904,0.018000000000000002,0.013000000000000001,3.5,0.7,1.2,Chaplin et al. (2014)
8420801,1.35,0.1,0.19,1.74,0.07,0.08,0.2518,0.0132,0.0131,4.079,0.019,0.022000000000000002,3.2,1.6,0.8,Chaplin et al. (2014)
8424992,0.96,0.11,0.12,1.06,0.05,0.05,0.8004,0.0389,0.0377,4.3660000000000005,0.017,0.017,8.1,4.7,3.8,Chaplin et al. (2014)
8435400,1.52,0.18,0.15,2.36,0.12,0.12,0.1164,0.0071,0.0069,3.8760000000000003,0.016,0.016,2.8,0.9,1.0,Chaplin et al. (2014)
8491374,1.37,0.15,0.17,1.95,0.1,0.1,0.1817,0.0135,0.0125,3.987,0.025,0.024,3.4,1.5,0.8,Chaplin et al. (2014)
8493735,1.36,0.14,0.15,2.57,0.11,0.11,0.0793,0.0039,0.0038,3.747,0.015,0.015,4.1,0.9,0.7,Chaplin et al. (2014)
8493800,1.26,0.11,0.12,1.48,0.05,0.05,0.3879,0.0172,0.0161,4.196000000000001,0.018000000000000002,0.019,3.3,1.5,1.2,Chaplin et al. (2014)
8499940,1.17,0.16,0.14,1.66,0.07,0.08,0.2569,0.0084,0.0083,4.067,0.02,0.022000000000000002,5.2,2.4,1.3,Chaplin et al. (2014)
8516041,1.17,0.13,0.15,1.33,0.06,0.07,0.4981,0.0282,0.0276,4.257,0.02,0.021,3.1,2.5,1.5,Chaplin et al. (2014)
8547279,1.14,0.43,0.25,3.18,0.39,0.31,0.0359,0.003,0.0029,3.4960000000000004,0.031,0.032,6.3,7.8,3.6,Chaplin et al. (2014)
8574769,0.99,0.13,0.12,1.54,0.08,0.07,0.2713,0.0119,0.0119,4.0569999999999995,0.02,0.017,10.5,3.4,3.0,Chaplin et al. (2014)
8621637,1.15,0.21,0.13,1.88,0.1,0.09,0.1739,0.008,0.0078,3.951,0.021,0.017,6.3,1.8,2.1,Chaplin et al. (2014)
8656342,1.16,0.22,0.1,1.64,0.08,0.06,0.276,0.0123,0.0114,4.092,0.026000000000000002,0.024,4.7,1.4,1.9,Chaplin et al. (2014)
8677016,0.97,0.19,0.11,1.28,0.1,0.08,0.4668,0.0465,0.0452,4.216,0.027000000000000003,0.03,9.1,4.1,4.1,Chaplin et al. (2014)
8696343,1.08,0.11,0.14,1.17,0.05,0.06,0.6695,0.0353,0.0338,4.331,0.017,0.018000000000000002,4.4,3.5,2.2,Chaplin et al. (2014)
8776961,1.25,0.1,0.18,1.76,0.07,0.1,0.2241,0.009,0.0086,4.033,0.013000000000000001,0.016,4.9,2.7,0.8,Chaplin et al. (2014)
8802782,1.36,0.22,0.15,2.31,0.13,0.11,0.111,0.0077,0.0071,3.847,0.023,0.021,4.0,0.9,1.3,Chaplin et al. (2014)
8817551,1.35,0.19,0.14,2.4,0.11,0.09,0.0976,0.0036,0.0036,3.807,0.022000000000000002,0.016,4.3,0.8,1.1,Chaplin et al. (2014)
8868481,1.29,0.12,0.14,2.46,0.1,0.12,0.0867,0.0052,0.005,3.764,0.017,0.018000000000000002,4.7,0.9,0.7,Chaplin et al. (2014)
8915084,1.19,0.11,0.12,1.52,0.05,0.06,0.3385,0.0112,0.0113,4.149,0.013000000000000001,0.015,5.0,1.7,1.3,Chaplin et al. (2014)
8940939,1.23,0.12,0.14,1.56,0.06,0.07,0.3282,0.0137,0.0135,4.144,0.016,0.017,4.0,1.8,1.2,Chaplin et al. (2014)
8950146,1.26,0.11,0.14,1.36,0.05,0.06,0.5026,0.0256,0.0254,4.27,0.019,0.022000000000000002,2.1,1.8,1.2,Chaplin et al. (2014)
8952800,1.38,0.12,0.11,2.07,0.07,0.07,0.1567,0.0057,0.0054,3.949,0.011000000000000001,0.013000000000000001,3.8,0.8,0.6,Chaplin et al. (2014)
8956017,1.45,0.15,0.1,1.85,0.08,0.07,0.2299,0.0132,0.0125,4.066,0.017,0.017,2.6,0.6,0.9,Chaplin et al. (2014)
8981766,1.52,0.16,0.16,1.84,0.07,0.07,0.2434,0.0123,0.0124,4.09,0.018000000000000002,0.023,2.1,0.9,0.8,Chaplin et al. (2014)
9005973,1.01,0.17,0.11,1.41,0.08,0.06,0.3629,0.0179,0.0179,4.147,0.024,0.021,8.1,3.2,3.2,Chaplin et al. (2014)
9025370,0.84,0.13,0.07,0.96,0.05,0.03,0.9441,0.0286,0.028,4.398,0.019,0.015,11.8,3.8,5.6,Chaplin et al. (2014)
9026479,1.24,0.11,0.13,2.35,0.1,0.11,0.0954,0.0043,0.0041,3.7880000000000003,0.011000000000000001,0.012,5.1,0.9,0.7,Chaplin et al. (2014)
9026685,1.04,0.11,0.12,1.72,0.08,0.08,0.2056,0.0095,0.0096,3.984,0.016,0.016,8.9,2.7,2.0,Chaplin et al. (2014)
9049593,1.25,0.12,0.13,1.45,0.05,0.06,0.4135,0.0205,0.0198,4.213,0.02,0.021,3.1,1.9,1.3,Chaplin et al. (2014)
9051235,1.4,0.18,0.12,2.19,0.1,0.08,0.1356,0.0064,0.0064,3.911,0.018000000000000002,0.021,3.5,1.0,0.9,Chaplin et al. (2014)
9073645,1.41,0.18,0.13,2.38,0.12,0.1,0.1057,0.0062,0.0061,3.838,0.018000000000000002,0.019,3.6,0.8,1.0,Chaplin et al. (2014)
9073950,1.28,0.11,0.13,3.81,0.12,0.16,0.023,0.0007,0.0007,3.38,0.012,0.013000000000000001,4.7,1.3,1.1,Chaplin et al. (2014)
9093289,1.24,0.13,0.17,1.44,0.06,0.07,0.4153,0.0287,0.0266,4.213,0.024,0.026000000000000002,2.9,2.1,1.3,Chaplin et al. (2014)
9116461,1.29,0.07,0.1,1.27,0.04,0.04,0.6212,0.0288,0.0281,4.335,0.013999999999999999,0.016,0.5,1.2,0.6,Chaplin et al. (2014)
9119139,1.14,0.22,0.13,1.79,0.11,0.09,0.1996,0.0108,0.0104,3.991,0.024,0.021,6.4,2.1,2.2,Chaplin et al. (2014)
9138680,1.36,0.13,0.13,2.45,0.09,0.09,0.0922,0.0034,0.0033,3.792,0.018000000000000002,0.015,4.1,0.8,0.7,Chaplin et al. (2014)
9143749,1.13,0.19,0.12,1.72,0.1,0.08,0.2254,0.0093,0.0092,4.026,0.019,0.019,6.5,2.1,2.0,Chaplin et al. (2014)
9150095,1.4,0.41,0.15,4.25,0.54,0.24,0.0182,0.0015,0.0017,3.335,0.01,0.011000000000000001,3.8,1.3,2.0,Chaplin et al. (2014)
9158609,0.93,0.58,0.2,3.05,0.49,0.29,0.0345,0.006,0.0055,3.465,0.06,0.057,12.6,7.2,9.6,Chaplin et al. (2014)
9163769,1.38,0.14,0.1,1.54,0.05,0.05,0.3834,0.017,0.0167,4.208,0.018000000000000002,0.017,1.7,0.7,0.8,Chaplin et al. (2014)
9201604,1.24,0.2,0.22,3.21,0.24,0.26,0.0377,0.0028,0.0027,3.5189999999999997,0.011000000000000001,0.011000000000000001,5.1,3.2,1.7,Chaplin et al. (2014)
9202077,1.38,0.12,0.08,1.97,0.05,0.05,0.1843,0.0055,0.0053,3.9960000000000004,0.013999999999999999,0.013000000000000001,3.7,0.7,0.8,Chaplin et al. (2014)
9204313,0.99,0.15,0.12,1.5,0.08,0.07,0.2912,0.0117,0.0118,4.078,0.021,0.018000000000000002,9.9,3.5,3.4,Chaplin et al. (2014)
9225600,1.35,0.11,0.18,1.79,0.07,0.08,0.2333,0.0123,0.0124,4.0569999999999995,0.019,0.021,3.4,1.5,0.8,Chaplin et al. (2014)
9266926,0.98,0.14,0.12,1.49,0.08,0.07,0.2985,0.0133,0.0135,4.085,0.02,0.018000000000000002,9.8,3.5,3.2,Chaplin et al. (2014)
9273544,1.12,0.12,0.13,1.54,0.07,0.07,0.3045,0.0143,0.0136,4.109,0.015,0.015,6.0,2.5,1.7,Chaplin et al. (2014)
9287845,1.58,0.17,0.19,2.27,0.11,0.1,0.1328,0.0101,0.0094,3.918,0.023,0.024,2.4,1.1,0.7,Chaplin et al. (2014)
9289275,1.36,0.08,0.12,1.78,0.05,0.05,0.2413,0.0071,0.0066,4.069,0.012,0.013999999999999999,3.5,1.1,0.7,Chaplin et al. (2014)
9292130,1.36,0.13,0.13,2.18,0.08,0.08,0.1309,0.0053,0.0053,3.8939999999999997,0.013000000000000001,0.016,3.9,1.0,0.8,Chaplin et al. (2014)
9328372,1.35,0.11,0.18,1.73,0.08,0.08,0.2566,0.0187,0.0187,4.084,0.023,0.024,3.2,1.6,0.8,Chaplin et al. (2014)
9335972,1.26,0.16,0.23,2.2,0.13,0.19,0.1191,0.0084,0.0069,3.852,0.016,0.013000000000000001,5.1,1.8,1.6,Chaplin et al. (2014)
9353712,1.45,0.15,0.14,2.14,0.08,0.08,0.1471,0.0054,0.0049,3.9360000000000004,0.017,0.016,3.1,1.1,0.9,Chaplin et al. (2014)
9353859,1.69,0.14,0.18,3.78,0.16,0.19,0.0313,0.0017,0.0016,3.509,0.013000000000000001,0.013000000000000001,2.2,0.7,0.5,Chaplin et al. (2014)
9390670,1.27,0.12,0.16,1.66,0.07,0.08,0.2732,0.0163,0.016,4.095,0.023,0.024,3.8,1.5,1.1,Chaplin et al. (2014)
9394953,1.09,0.22,0.12,1.69,0.1,0.07,0.2258,0.0071,0.0071,4.019,0.025,0.016,7.6,2.3,2.9,Chaplin et al. (2014)
9402223,1.54,0.16,0.17,2.62,0.12,0.12,0.0849,0.0044,0.0041,3.785,0.017,0.018000000000000002,3.0,0.8,0.8,Chaplin et al. (2014)
9410862,1.09,0.11,0.13,1.21,0.05,0.05,0.6226,0.0213,0.0208,4.312,0.013999999999999999,0.015,4.2,3.1,2.0,Chaplin et al. (2014)
9414381,1.26,0.1,0.11,2.13,0.08,0.08,0.13,0.0056,0.0052,3.8789999999999996,0.013000000000000001,0.011000000000000001,5.3,0.7,0.6,Chaplin et al. (2014)
9446628,1.33,0.17,0.13,1.97,0.1,0.1,0.1744,0.0134,0.0126,3.9739999999999998,0.023,0.024,4.0,1.0,1.2,Chaplin et al. (2014)
9451741,1.13,0.07,0.19,1.32,0.04,0.08,0.4869,0.0198,0.0189,4.242,0.016,0.02,6.1,4.6,1.8,Chaplin et al. (2014)
9457728,1.22,0.16,0.1,1.85,0.08,0.06,0.1924,0.0069,0.0067,3.989,0.019,0.015,4.8,0.7,1.4,Chaplin et al. (2014)
9458636,1.14,0.09,0.12,1.68,0.07,0.07,0.2411,0.0105,0.0102,4.044,0.017,0.018000000000000002,5.3,1.6,0.8,Chaplin et al. (2014)
9468847,1.18,0.12,0.12,1.8,0.07,0.07,0.2008,0.0069,0.007,3.9960000000000004,0.016,0.016,5.2,1.3,0.8,Chaplin et al. (2014)
9512063,1.21,0.14,0.17,2.08,0.11,0.11,0.1335,0.0079,0.0081,3.88,0.018000000000000002,0.018000000000000002,5.2,1.6,0.8,Chaplin et al. (2014)
9542776,1.51,0.23,0.15,2.51,0.19,0.17,0.097,0.0154,0.0151,3.824,0.044000000000000004,0.049,2.9,0.8,1.0,Chaplin et al. (2014)
9574283,1.15,0.17,0.16,2.87,0.18,0.18,0.0485,0.0026,0.0025,3.5810000000000004,0.011000000000000001,0.011000000000000001,5.8,3.3,1.5,Chaplin et al. (2014)
9579208,1.35,0.09,0.16,1.85,0.06,0.08,0.2098,0.0076,0.0073,4.027,0.013999999999999999,0.017,3.5,1.4,0.7,Chaplin et al. (2014)
9641837,1.38,0.17,0.12,2.24,0.11,0.08,0.122,0.0052,0.005,3.877,0.012,0.013999999999999999,3.8,1.0,0.9,Chaplin et al. (2014)
9664694,1.57,0.18,0.2,2.53,0.11,0.12,0.0972,0.0052,0.0046,3.8280000000000003,0.016,0.016,2.6,1.1,0.8,Chaplin et al. (2014)
9693187,0.93,0.1,0.1,1.41,0.06,0.06,0.3342,0.0107,0.0102,4.109,0.016,0.015,12.0,4.2,3.6,Chaplin et al. (2014)
9696358,1.37,0.17,0.12,2.1,0.09,0.08,0.1488,0.0083,0.0079,3.9330000000000003,0.02,0.022000000000000002,3.8,1.0,1.1,Chaplin et al. (2014)
9697131,1.4,0.15,0.12,1.91,0.07,0.07,0.2037,0.0085,0.0083,4.027,0.017,0.018000000000000002,3.1,0.9,0.9,Chaplin et al. (2014)
9700430,1.19,0.12,0.15,1.53,0.05,0.07,0.3374,0.0128,0.0128,4.148,0.017,0.02,4.7,2.3,1.4,Chaplin et al. (2014)
9702369,1.27,0.1,0.11,1.38,0.04,0.04,0.4872,0.0152,0.0147,4.263999999999999,0.013000000000000001,0.013999999999999999,2.0,1.2,1.0,Chaplin et al. (2014)
9702752,1.24,0.08,0.2,1.72,0.05,0.09,0.2389,0.0055,0.0056,4.052,0.011000000000000001,0.025,5.4,3.2,1.0,Chaplin et al. (2014)
9715099,1.43,0.16,0.14,2.52,0.08,0.1,0.0906,0.0037,0.0034,3.7939999999999996,0.021,0.019,3.6,0.8,1.0,Chaplin et al. (2014)
9754284,1.28,0.11,0.15,1.62,0.05,0.07,0.2982,0.0124,0.0119,4.121,0.017,0.019,3.8,1.4,1.1,Chaplin et al. (2014)
9757640,1.04,0.12,0.13,1.73,0.08,0.08,0.2006,0.0081,0.0079,3.978,0.018000000000000002,0.018000000000000002,8.6,2.6,1.9,Chaplin et al. (2014)
9762786,1.39,0.16,0.18,1.96,0.11,0.11,0.1833,0.0126,0.0119,3.992,0.017,0.017,3.3,1.6,1.0,Chaplin et al. (2014)
9768011,1.25,0.18,0.17,1.97,0.13,0.12,0.1631,0.0144,0.0143,3.944,0.027000000000000003,0.027000000000000003,4.6,1.4,1.6,Chaplin et al. (2014)
9778067,1.38,0.17,0.11,2.16,0.1,0.08,0.1387,0.0075,0.0076,3.9130000000000003,0.017,0.018000000000000002,3.7,0.8,1.1,Chaplin et al. (2014)
9787965,1.31,0.16,0.13,2.05,0.11,0.1,0.1532,0.011,0.0106,3.9339999999999997,0.021,0.021,4.3,0.9,1.2,Chaplin et al. (2014)
9788260,1.53,0.12,0.15,3.23,0.11,0.13,0.0456,0.0019,0.0019,3.603,0.012,0.013000000000000001,3.0,0.8,0.6,Chaplin et al. (2014)
9791157,1.35,0.11,0.16,2.03,0.07,0.08,0.1595,0.0061,0.0059,3.948,0.013999999999999999,0.019,4.1,1.2,0.7,Chaplin et al. (2014)
9812421,1.29,0.24,0.18,3.15,0.25,0.2,0.0413,0.0025,0.0026,3.551,0.012,0.013000000000000001,4.6,1.6,1.7,Chaplin et al. (2014)
9821513,1.43,0.14,0.1,1.92,0.07,0.06,0.2034,0.0079,0.0075,4.029,0.015,0.016,3.0,0.6,0.9,Chaplin et al. (2014)
9880787,1.23,0.13,0.13,2.07,0.08,0.09,0.1396,0.005,0.005,3.8960000000000004,0.018000000000000002,0.015,5.2,1.0,0.9,Chaplin et al. (2014)
9893470,1.56,0.15,0.14,3.34,0.11,0.12,0.042,0.0017,0.0017,3.5839999999999996,0.017,0.016,2.7,0.7,0.6,Chaplin et al. (2014)
9903271,1.12,0.09,0.09,3.25,0.1,0.1,0.0325,0.0006,0.0006,3.4610000000000003,0.009000000000000001,0.01,7.9,2.7,1.8,Chaplin et al. (2014)
9962623,0.93,0.16,0.12,1.37,0.08,0.07,0.3575,0.0218,0.0218,4.129,0.026000000000000002,0.024,12.2,4.3,4.6,Chaplin et al. (2014)
10003270,1.59,0.16,0.16,2.48,0.09,0.11,0.1048,0.005,0.0048,3.85,0.019,0.017,2.5,0.9,0.8,Chaplin et al. (2014)
10019747,1.04,0.13,0.11,1.63,0.09,0.07,0.2385,0.0103,0.01,4.029,0.017,0.013999999999999999,9.2,2.7,2.5,Chaplin et al. (2014)
10024648,1.39,0.14,0.09,2.01,0.06,0.06,0.1744,0.005,0.0047,3.9819999999999998,0.013000000000000001,0.013000000000000001,3.5,0.7,0.8,Chaplin et al. (2014)
10025841,1.18,0.1,0.21,1.56,0.06,0.09,0.3063,0.0134,0.0126,4.115,0.019,0.026000000000000002,5.5,3.8,1.4,Chaplin et al. (2014)
10070754,1.23,0.11,0.12,1.28,0.05,0.05,0.5812,0.0268,0.0263,4.31,0.016,0.018000000000000002,1.6,1.7,1.2,Chaplin et al. (2014)
10074716,1.1,0.12,0.16,1.43,0.07,0.08,0.3741,0.0186,0.0182,4.164,0.02,0.022000000000000002,6.3,3.7,2.1,Chaplin et al. (2014)
10079226,1.13,0.1,0.11,1.15,0.04,0.04,0.7478,0.0242,0.0235,4.371,0.013999999999999999,0.015,2.7,2.5,1.9,Chaplin et al. (2014)
10081026,1.44,0.13,0.14,2.39,0.09,0.09,0.1049,0.0057,0.0056,3.8369999999999997,0.019,0.02,3.4,0.8,0.7,Chaplin et al. (2014)
10088136,1.25,0.33,0.25,3.35,0.37,0.32,0.0333,0.003,0.0029,3.483,0.015,0.015,5.0,3.8,2.4,Chaplin et al. (2014)
10118942,1.33,0.12,0.15,2.26,0.08,0.1,0.1149,0.0048,0.0045,3.85,0.019,0.016,4.3,0.9,0.9,Chaplin et al. (2014)
10130724,0.82,0.12,0.08,1.07,0.05,0.04,0.6818,0.0211,0.0205,4.301,0.018000000000000002,0.016,13.8,5.2,6.4,Chaplin et al. (2014)
10130853,1.21,0.15,0.19,3.73,0.21,0.28,0.0234,0.0015,0.0013,3.377,0.011000000000000001,0.011000000000000001,6.1,4.1,1.6,Chaplin et al. (2014)
10147635,1.52,0.25,0.16,2.73,0.14,0.11,0.0757,0.0023,0.0022,3.752,0.02,0.016,3.2,0.7,1.2,Chaplin et al. (2014)
10186764,1.24,0.13,0.14,1.7,0.06,0.07,0.2535,0.0104,0.0101,4.071000000000001,0.016,0.017,4.6,1.5,1.3,Chaplin et al. (2014)
10202294,1.33,0.09,0.23,1.94,0.06,0.11,0.179,0.0061,0.0062,3.975,0.017,0.025,4.4,2.6,0.6,Chaplin et al. (2014)
10214328,1.49,0.15,0.13,1.92,0.07,0.07,0.2111,0.0114,0.011,4.045,0.019,0.02,2.5,0.7,0.8,Chaplin et al. (2014)
10215584,0.91,0.17,0.1,1.09,0.06,0.05,0.7069,0.0416,0.04,4.3260000000000005,0.025,0.024,9.8,4.4,5.0,Chaplin et al. (2014)
10272858,1.32,0.28,0.19,3.56,0.32,0.24,0.0292,0.002,0.0021,3.4539999999999997,0.01,0.01,4.5,1.7,1.9,Chaplin et al. (2014)
10272923,1.19,0.12,0.12,2.85,0.12,0.13,0.0514,0.0018,0.0017,3.603,0.01,0.011000000000000001,6.0,2.4,1.1,Chaplin et al. (2014)
10290021,1.38,0.13,0.15,2.04,0.07,0.08,0.1612,0.0048,0.0047,3.955,0.013999999999999999,0.018000000000000002,3.9,1.1,0.8,Chaplin et al. (2014)
10295224,1.38,0.15,0.15,2.59,0.11,0.11,0.08,0.0056,0.0055,3.753,0.025,0.025,3.8,0.9,0.8,Chaplin et al. (2014)
10319352,0.94,0.13,0.13,1.43,0.08,0.07,0.3243,0.0236,0.0222,4.102,0.027999999999999997,0.026000000000000002,11.4,4.2,3.8,Chaplin et al. (2014)
10322381,1.2,0.14,0.17,1.44,0.08,0.08,0.401,0.0346,0.0338,4.197,0.026000000000000002,0.027000000000000003,3.6,2.5,1.4,Chaplin et al. (2014)
10324098,1.39,0.18,0.1,2.18,0.09,0.07,0.1355,0.0055,0.0052,3.909,0.016,0.016,3.7,0.8,1.1,Chaplin et al. (2014)
10351059,1.41,0.16,0.09,1.81,0.06,0.05,0.2391,0.0083,0.0077,4.075,0.016,0.013999999999999999,2.8,0.6,0.9,Chaplin et al. (2014)
10385708,1.21,0.15,0.17,1.76,0.07,0.09,0.2209,0.0077,0.0073,4.0280000000000005,0.018000000000000002,0.025,4.9,2.4,1.0,Chaplin et al. (2014)
10394814,1.14,0.16,0.17,3.19,0.21,0.22,0.0354,0.0022,0.002,3.488,0.01,0.011000000000000001,6.1,4.3,1.6,Chaplin et al. (2014)
10398597,1.27,0.2,0.11,1.93,0.09,0.09,0.1806,0.0101,0.0095,3.98,0.024,0.021,4.5,0.8,1.7,Chaplin et al. (2014)
10417911,1.06,0.13,0.14,1.83,0.11,0.11,0.1737,0.0133,0.0132,3.9389999999999996,0.021,0.022000000000000002,7.8,2.7,1.6,Chaplin et al. (2014)
10491771,1.38,0.12,0.11,1.54,0.05,0.05,0.3819,0.02,0.0186,4.206,0.018000000000000002,0.018000000000000002,1.7,0.8,0.7,Chaplin et al. (2014)
10518551,1.35,0.15,0.13,2.15,0.09,0.08,0.1355,0.0052,0.0051,3.9019999999999997,0.013000000000000001,0.016,4.1,1.0,1.0,Chaplin et al. (2014)
10610027,1.36,0.1,0.13,1.48,0.06,0.06,0.4179,0.0299,0.0282,4.228,0.023,0.023,1.6,1.1,0.7,Chaplin et al. (2014)
10655953,1.2,0.11,0.15,1.25,0.05,0.05,0.6152,0.0426,0.0421,4.323,0.023,0.027999999999999997,1.7,2.3,1.4,Chaplin et al. (2014)
10670371,1.42,0.17,0.18,2.98,0.15,0.16,0.0539,0.0028,0.0027,3.642,0.017,0.018000000000000002,3.7,1.4,1.1,Chaplin et al. (2014)
10712891,1.38,0.17,0.16,2.97,0.15,0.14,0.0528,0.0019,0.0018,3.633,0.013999999999999999,0.016,4.0,1.4,1.2,Chaplin et al. (2014)
10717090,1.15,0.1,0.21,1.5,0.07,0.09,0.3271,0.0198,0.0194,4.127,0.023,0.026000000000000002,6.3,4.6,1.7,Chaplin et al. (2014)
10727922,1.25,0.15,0.16,1.96,0.11,0.11,0.1665,0.013,0.0123,3.951,0.021,0.023,4.8,1.2,1.1,Chaplin et al. (2014)
10731424,1.55,0.2,0.19,2.63,0.17,0.14,0.0847,0.0074,0.0073,3.786,0.024,0.026000000000000002,2.8,1.0,0.8,Chaplin et al. (2014)
10732098,1.06,0.1,0.12,1.74,0.07,0.08,0.2025,0.0076,0.0076,3.9819999999999998,0.013999999999999999,0.015,7.8,2.6,1.7,Chaplin et al. (2014)
10794845,1.12,0.11,0.16,1.14,0.05,0.05,0.7433,0.0475,0.045,4.367,0.022000000000000002,0.026000000000000002,2.3,3.7,2.0,Chaplin et al. (2014)
10858780,0.95,0.15,0.14,1.45,0.1,0.09,0.309,0.0248,0.0246,4.09,0.024,0.025,11.3,5.2,4.5,Chaplin et al. (2014)
10873176,1.27,0.12,0.12,2.13,0.07,0.08,0.1312,0.005,0.0052,3.884,0.015,0.015,4.6,0.8,0.9,Chaplin et al. (2014)
10909629,1.35,0.12,0.14,2.17,0.08,0.09,0.1323,0.0057,0.0054,3.895,0.015,0.018000000000000002,4.0,1.0,0.7,Chaplin et al. (2014)
10937782,1.31,0.28,0.16,4.0,0.35,0.24,0.0205,0.0012,0.0014,3.35,0.009000000000000001,0.01,4.5,1.5,2.1,Chaplin et al. (2014)
10959362,1.28,0.17,0.25,2.22,0.13,0.19,0.1184,0.0084,0.0085,3.8510000000000004,0.023,0.018000000000000002,4.8,2.0,1.1,Chaplin et al. (2014)
10971974,1.01,0.14,0.13,1.17,0.06,0.06,0.6165,0.041,0.0388,4.297,0.025,0.025,7.4,4.3,3.7,Chaplin et al. (2014)
10972252,1.57,0.12,0.21,2.42,0.07,0.12,0.1109,0.0054,0.0044,3.864,0.013999999999999999,0.016,2.8,1.1,0.6,Chaplin et al. (2014)
10972873,1.14,0.15,0.11,1.85,0.09,0.07,0.1792,0.0061,0.0059,3.958,0.018000000000000002,0.013000000000000001,6.6,1.7,1.7,Chaplin et al. (2014)
10990438,1.43,0.3,0.15,3.93,0.32,0.19,0.0236,0.0012,0.0012,3.409,0.016,0.016,3.6,1.3,1.6,Chaplin et al. (2014)
11021413,1.08,0.11,0.1,2.06,0.08,0.08,0.1237,0.0041,0.0041,3.843,0.01,0.011000000000000001,7.3,2.1,1.5,Chaplin et al. (2014)
11027406,0.97,0.13,0.09,1.33,0.06,0.05,0.4122,0.0152,0.0147,4.178,0.016,0.015,8.8,3.1,3.1,Chaplin et al. (2014)
11070918,1.32,0.11,0.17,1.74,0.06,0.07,0.2475,0.0104,0.0096,4.071000000000001,0.02,0.023,3.6,1.5,0.9,Chaplin et al. (2014)
11074380,1.21,0.18,0.23,2.62,0.17,0.22,0.0672,0.0042,0.0039,3.679,0.019,0.019,5.5,5.6,1.5,Chaplin et al. (2014)
11075448,1.37,0.1,0.12,1.57,0.05,0.06,0.3488,0.0186,0.0172,4.177,0.018000000000000002,0.019,2.2,1.0,0.7,Chaplin et al. (2014)
11075456,1.32,0.13,0.22,1.47,0.05,0.07,0.4024,0.0248,0.0219,4.212,0.027999999999999997,0.035,2.2,2.8,1.2,Chaplin et al. (2014)
11082784,1.29,0.27,0.26,2.19,0.16,0.18,0.1228,0.0076,0.008,3.864,0.022000000000000002,0.018000000000000002,4.9,2.0,1.9,Chaplin et al. (2014)
11083308,1.36,0.14,0.12,2.12,0.09,0.08,0.1434,0.0067,0.0064,3.92,0.015,0.016,3.9,0.9,0.9,Chaplin et al. (2014)
11098033,1.35,0.22,0.16,2.25,0.12,0.1,0.1201,0.0085,0.0086,3.867,0.027000000000000003,0.027000000000000003,4.1,1.0,1.3,Chaplin et al. (2014)
11127479,1.16,0.11,0.15,1.37,0.05,0.08,0.4542,0.0227,0.0209,4.229,0.015,0.016,4.6,2.7,1.6,Chaplin et al. (2014)
11133100,1.51,0.15,0.21,2.38,0.13,0.14,0.1101,0.0096,0.0087,3.855,0.025,0.026000000000000002,3.0,1.4,0.7,Chaplin et al. (2014)
11138101,1.36,0.14,0.15,2.36,0.09,0.1,0.1037,0.0064,0.0063,3.826,0.023,0.024,4.0,0.9,0.9,Chaplin et al. (2014)
11189107,1.52,0.2,0.15,2.26,0.13,0.11,0.1314,0.0126,0.0109,3.911,0.027999999999999997,0.027000000000000003,2.6,1.0,0.9,Chaplin et al. (2014)
11193681,1.33,0.1,0.13,2.41,0.07,0.09,0.0945,0.0037,0.0035,3.7939999999999996,0.015,0.015,4.6,0.7,0.6,Chaplin et al. (2014)
11229052,1.23,0.13,0.15,1.47,0.05,0.06,0.3863,0.0129,0.0121,4.192,0.017,0.021,3.2,1.9,1.2,Chaplin et al. (2014)
11294717,1.1,0.14,0.14,1.82,0.09,0.09,0.1825,0.0094,0.0093,3.957,0.024,0.02,7.0,2.4,1.6,Chaplin et al. (2014)
11307875,1.54,0.21,0.21,4.14,0.22,0.23,0.0217,0.0007,0.0007,3.389,0.016,0.017,3.0,1.6,1.0,Chaplin et al. (2014)
11389393,1.3,0.13,0.15,1.86,0.08,0.08,0.2006,0.0113,0.0105,4.0089999999999995,0.019,0.021,4.3,1.1,1.2,Chaplin et al. (2014)
11389437,1.16,0.12,0.11,1.68,0.06,0.06,0.2452,0.008,0.0077,4.052,0.015,0.015,5.3,1.6,1.0,Chaplin et al. (2014)
11401156,1.08,0.12,0.12,2.49,0.11,0.11,0.0699,0.0021,0.0021,3.678,0.012,0.013000000000000001,7.3,3.6,1.9,Chaplin et al. (2014)
11401708,1.42,0.28,0.11,2.55,0.14,0.08,0.0857,0.0025,0.0024,3.7769999999999997,0.023,0.012,3.9,0.6,1.6,Chaplin et al. (2014)
11453915,1.19,0.1,0.12,1.21,0.04,0.04,0.6741,0.0275,0.0273,4.348,0.015,0.019,1.5,2.0,1.3,Chaplin et al. (2014)
11454149,1.15,0.11,0.12,1.16,0.05,0.05,0.7263,0.0458,0.0446,4.364,0.019,0.021,1.9,2.2,1.6,Chaplin et al. (2014)
11456910,1.21,0.19,0.17,1.68,0.08,0.09,0.2587,0.0171,0.0163,4.073,0.028999999999999998,0.027999999999999997,4.7,3.1,2.1,Chaplin et al. (2014)
11460626,1.28,0.13,0.16,2.21,0.09,0.1,0.1191,0.0052,0.0048,3.855,0.02,0.018000000000000002,4.7,1.0,0.9,Chaplin et al. (2014)
11467550,1.3,0.15,0.14,2.02,0.08,0.08,0.1591,0.0062,0.0061,3.944,0.018000000000000002,0.02,4.3,1.0,1.1,Chaplin et al. (2014)
11496573,1.36,0.27,0.15,3.58,0.27,0.17,0.0294,0.0013,0.0013,3.4619999999999997,0.015,0.015,4.3,1.4,1.8,Chaplin et al. (2014)
11502597,1.12,0.15,0.12,1.63,0.09,0.08,0.2599,0.0115,0.0107,4.066,0.013000000000000001,0.013999999999999999,6.5,2.7,1.9,Chaplin et al. (2014)
11506988,1.27,0.17,0.11,1.9,0.08,0.07,0.1874,0.0072,0.007,3.988,0.021,0.018000000000000002,4.5,0.7,1.4,Chaplin et al. (2014)
11507653,1.04,0.2,0.14,1.59,0.09,0.08,0.2604,0.0173,0.0166,4.053999999999999,0.027999999999999997,0.026000000000000002,8.0,3.1,2.9,Chaplin et al. (2014)
11554100,1.18,0.15,0.16,3.62,0.19,0.22,0.025,0.0012,0.0011,3.392,0.011000000000000001,0.011000000000000001,6.4,3.5,1.6,Chaplin et al. (2014)
11558593,1.36,0.24,0.19,3.15,0.19,0.17,0.0435,0.0015,0.0015,3.575,0.019,0.022000000000000002,4.1,1.6,1.5,Chaplin et al. (2014)
11611414,1.19,0.23,0.1,1.71,0.1,0.09,0.2458,0.0218,0.0216,4.06,0.027999999999999997,0.028999999999999998,4.7,0.9,1.8,Chaplin et al. (2014)
11620833,1.47,0.22,0.15,3.77,0.22,0.15,0.0273,0.0008,0.0008,3.4530000000000003,0.016,0.016,3.6,1.3,1.3,Chaplin et al. (2014)
11674236,1.08,0.14,0.15,2.0,0.1,0.11,0.1351,0.0078,0.0076,3.8680000000000003,0.02,0.02,7.1,2.7,1.4,Chaplin et al. (2014)
11708273,1.11,0.16,0.13,1.58,0.08,0.07,0.2824,0.0138,0.0139,4.086,0.023,0.023,6.3,2.6,2.0,Chaplin et al. (2014)
11709205,1.3,0.09,0.15,4.03,0.13,0.19,0.0198,0.0008,0.0007,3.3369999999999997,0.011000000000000001,0.012,5.4,2.2,1.0,Chaplin et al. (2014)
11713510,1.05,0.12,0.09,1.61,0.07,0.06,0.2501,0.0079,0.0078,4.043,0.013999999999999999,0.012,7.9,2.2,2.1,Chaplin et al. (2014)
11722551,1.1,0.08,0.07,2.2,0.06,0.07,0.1027,0.0028,0.0028,3.792,0.008,0.009000000000000001,8.2,2.2,1.6,Chaplin et al. (2014)
11723674,1.42,0.18,0.12,2.48,0.1,0.09,0.0939,0.0044,0.0042,3.805,0.019,0.019,3.6,0.7,1.1,Chaplin et al. (2014)
11771760,1.55,0.12,0.14,3.0,0.1,0.11,0.0575,0.0023,0.0023,3.673,0.016,0.013999999999999999,3.0,0.7,0.6,Chaplin et al. (2014)
11802939,1.37,0.15,0.15,2.68,0.14,0.14,0.0715,0.0073,0.007,3.719,0.03,0.031,3.9,0.9,0.8,Chaplin et al. (2014)
11802968,0.89,0.14,0.1,2.42,0.14,0.11,0.0627,0.0023,0.0025,3.6210000000000004,0.013999999999999999,0.013000000000000001,13.8,5.1,5.6,Chaplin et al. (2014)
11809558,1.34,0.16,0.13,2.98,0.13,0.11,0.0506,0.0014,0.0015,3.616,0.013000000000000001,0.013000000000000001,4.6,1.2,1.4,Chaplin et al. (2014)
11817562,1.45,0.21,0.14,2.51,0.12,0.1,0.0921,0.0035,0.0033,3.803,0.019,0.02,3.5,0.8,1.2,Chaplin et al. (2014)
11862119,1.11,0.2,0.15,1.5,0.31,0.3,0.3325,0.0744,0.0741,4.135,0.098,0.099,5.6,2.5,2.2,Chaplin et al. (2014)
11873252,1.02,0.32,0.21,3.54,0.49,0.33,0.0229,0.002,0.0025,3.3480000000000003,0.016,0.015,8.6,7.4,4.4,Chaplin et al. (2014)
11911418,1.27,0.13,0.13,2.63,0.1,0.11,0.07,0.0021,0.0021,3.702,0.011000000000000001,0.013000000000000001,4.7,1.0,0.8,Chaplin et al. (2014)
11919192,1.6,0.15,0.2,2.29,0.1,0.11,0.1334,0.0087,0.0084,3.9210000000000003,0.019,0.021,2.2,1.1,0.6,Chaplin et al. (2014)
11962180,1.36,0.14,0.15,1.97,0.1,0.1,0.1778,0.0119,0.0115,3.9810000000000003,0.018000000000000002,0.018000000000000002,3.6,1.2,0.9,Chaplin et al. (2014)
11971746,1.14,0.11,0.17,1.36,0.05,0.08,0.4486,0.0203,0.0202,4.221,0.019,0.021,5.0,3.8,2.0,Chaplin et al. (2014)
12011630,0.83,0.11,0.07,0.98,0.04,0.03,0.8898,0.0302,0.0299,4.38,0.017,0.015,12.5,3.6,5.2,Chaplin et al. (2014)
12020532,1.75,0.14,0.19,3.95,0.14,0.17,0.0283,0.0012,0.0012,3.484,0.013000000000000001,0.015,2.0,0.7,0.4,Chaplin et al. (2014)
12055375,0.98,0.15,0.12,1.51,0.09,0.08,0.2848,0.0244,0.0236,4.072,0.026000000000000002,0.027000000000000003,9.8,3.6,3.2,Chaplin et al. (2014)
12058443,1.09,0.12,0.12,3.22,0.14,0.15,0.0329,0.001,0.001,3.4619999999999997,0.011000000000000001,0.012,7.5,3.9,2.0,Chaplin et al. (2014)
12069127,1.4,0.15,0.09,2.22,0.09,0.07,0.1286,0.0053,0.0054,3.8930000000000002,0.016,0.015,3.6,0.7,1.1,Chaplin et al. (2014)
12069569,1.41,0.14,0.14,2.34,0.11,0.1,0.1097,0.0084,0.0081,3.8480000000000003,0.024,0.024,3.6,0.8,0.8,Chaplin et al. (2014)
12117868,1.1,0.13,0.14,1.32,0.06,0.07,0.4719,0.0244,0.023,4.232,0.018000000000000002,0.019,5.1,3.1,2.1,Chaplin et al. (2014)
12156916,1.25,0.15,0.16,1.57,0.06,0.07,0.3215,0.0115,0.011,4.141,0.019,0.025,3.5,1.7,1.2,Chaplin et al. (2014)
12265063,1.17,0.18,0.14,1.68,0.08,0.08,0.2474,0.0114,0.0113,4.055,0.023,0.024,5.2,2.2,1.5,Chaplin et al. (2014)
12304142,1.37,0.11,0.11,1.83,0.05,0.05,0.2237,0.0067,0.0062,4.0489999999999995,0.013999999999999999,0.013999999999999999,3.5,1.0,0.7,Chaplin et al. (2014)
12307366,1.59,0.13,0.24,3.97,0.17,0.26,0.0252,0.0011,0.0011,3.432,0.011000000000000001,0.012,2.6,1.8,0.6,Chaplin et al. (2014)
12317678,1.41,0.14,0.09,1.85,0.06,0.05,0.2259,0.0075,0.0066,4.058,0.013999999999999999,0.013000000000000001,2.9,0.6,0.8,Chaplin et al. (2014)
12352180,1.15,0.23,0.12,1.88,0.11,0.08,0.1733,0.0048,0.0048,3.949,0.027999999999999997,0.015,6.7,2.0,2.6,Chaplin et al. (2014)
12366681,1.56,0.15,0.19,2.64,0.11,0.12,0.0832,0.0032,0.0028,3.781,0.016,0.021,3.0,0.9,0.8,Chaplin et al. (2014)
12507240,1.38,0.13,0.12,1.94,0.06,0.06,0.1904,0.0075,0.007,4.003,0.016,0.016,3.7,0.9,0.9,Chaplin et al. (2014)
12508433,1.19,0.09,0.12,2.22,0.07,0.09,0.1092,0.0039,0.0037,3.82,0.011000000000000001,0.013000000000000001,6.0,1.6,0.8,Chaplin et al. (2014)
12735580,1.23,0.21,0.12,1.84,0.1,0.09,0.2021,0.0179,0.0171,4.007,0.032,0.031,4.7,0.8,1.7,Chaplin et al. (2014)
3430893,1.31,0.1,0.13,1.55,0.05,0.06,0.3479,0.0143,0.0139,4.169,0.015,0.016,3.1,0.9,0.8,Chaplin et al. (2014)
3547794,1.4,0.11,0.13,1.75,0.06,0.06,0.2585,0.0152,0.0145,4.093,0.019,0.019,2.7,0.8,0.7,Chaplin et al. (2014)
4247542,1.13,0.2,0.08,1.6,0.09,0.05,0.2811,0.0153,0.0146,4.091,0.022000000000000002,0.018000000000000002,4.7,1.0,1.7,Chaplin et al. (2014)
7970740,0.82,0.11,0.05,0.8,0.03,0.02,1.6327,0.0797,0.0792,4.5569999999999995,0.017,0.018000000000000002,6.2,3.3,5.9,Chaplin et al. (2014)
9455860,1.37,0.12,0.1,1.67,0.07,0.06,0.2966,0.0196,0.0191,4.132,0.02,0.019,2.5,0.8,0.6,Chaplin et al. (2014)
9897838,1.06,0.09,0.08,2.6,0.09,0.08,0.0604,0.0016,0.0017,3.633,0.009000000000000001,0.009000000000000001,7.1,1.9,1.6,Chaplin et al. (2014)
10129349,1.35,0.1,0.16,1.53,0.05,0.06,0.3735,0.0173,0.0169,4.194,0.017,0.018000000000000002,2.0,1.4,0.7,Chaplin et al. (2014)
10593351,1.48,0.12,0.13,3.01,0.11,0.12,0.0545,0.0025,0.0024,3.6510000000000002,0.012,0.013000000000000001,3.3,0.7,0.6,Chaplin et al. (2014)
10976896,1.17,0.13,0.15,2.22,0.1,0.12,0.1066,0.0047,0.0046,3.812,0.012,0.013000000000000001,5.5,1.5,0.8,Chaplin et al. (2014)
11188219,1.01,0.13,0.12,1.28,0.07,0.06,0.4825,0.0296,0.0288,4.227,0.019,0.019,7.5,3.0,2.8,Chaplin et al. (2014)
11757831,1.42,0.14,0.1,1.82,0.07,0.06,0.2351,0.01,0.0098,4.07,0.013999999999999999,0.013999999999999999,2.7,0.6,0.8,Chaplin et al. (2014)
11968749,1.43,0.48,0.43,4.25,0.45,0.48,0.0187,0.0009,0.0009,3.342,0.033,0.051,3.6,4.5,2.2,Chaplin et al. (2014)
12253255,1.48,0.16,0.14,2.27,0.11,0.09,0.1244,0.0068,0.0071,3.89,0.018000000000000002,0.018000000000000002,3.1,0.8,0.9,Chaplin et al. (2014)
